density,num_vehicles,requested_av_share,realised_av_share,num_runs,mean_speed_mean,mean_speed_seed_sd,stopped_fraction_mean,stopped_fraction_seed_sd,within_run_speed_std_mean,within_run_speed_std_seed_sd
0.1,20,0.0,0.0,20,4.756790625,0.007889795911367072,3.125e-06,1.3975424859373686e-05,0.45560490594303416,0.009859975296303234
0.1,20,0.1,0.1,20,4.762365625,0.0064312621477048025,0.0,0.0,0.4490943591503645,0.007813101110241326
0.1,20,0.25,0.25,20,4.767046875,0.009806450846623248,1.8750000000000002e-05,8.385254915624211e-05,0.4419688034130358,0.01587567513978481
0.1,20,0.5,0.5,20,4.778753125,0.008365653538623856,0.0,0.0,0.42645587711480015,0.00942254998500999
0.1,20,0.75,0.75,20,4.790296875,0.008435803313813191,0.0,0.0,0.41260131029532393,0.009334625363571485
0.1,20,1.0,1.0,20,5.0,0.0,0.0,0.0,0.0,0.0
0.2,40,0.0,0.0,20,2.6484734375,0.029342076796013042,0.2027015625,0.016677118527514172,1.937487638485667,0.039042884316965544
0.2,40,0.1,0.1,20,2.7345234375,0.03169052635780451,0.199159375,0.015580676937547895,1.9572000150435838,0.036413681477191456
0.2,40,0.25,0.25,20,2.8668500000000003,0.041093747623574074,0.18038125,0.016540764660656126,1.9423260214793499,0.03988724232314564
0.2,40,0.5,0.5,20,3.1758265625,0.034487038521251484,0.1397046875,0.014150341420438134,1.8779647089774099,0.041186306106431717
0.2,40,0.75,0.75,20,3.5285515625,0.03217236050923245,0.0936453125,0.012696228180539901,1.7365688349619994,0.04738761747915324
0.2,40,1.0,1.0,20,4.0,0.0,0.00625,0.013752990105504521,1.271829427143214,0.1620588205513303
0.3,60,0.0,0.0,20,1.588190625,0.013690087900229433,0.3474072916666667,0.020227049204182165,1.6610197252247054,0.04926571522543564
0.3,60,0.1,0.1,20,1.6300000000000001,0.018882999302181815,0.34286666666666665,0.02203977664101805,1.6845420229998034,0.04954016766379871
0.3,60,0.25,0.25,20,1.7174239583333333,0.016439860656706152,0.33349375000000003,0.023632336939720035,1.7352599581920916,0.05361111697708831
0.3,60,0.5,0.5,20,1.8818729166666668,0.019957554900945862,0.29522291666666667,0.02347981813103275,1.7692666297043609,0.05992199373620475
0.3,60,0.75,0.75,20,2.079503125,0.012015448060564603,0.262821875,0.02449725719650429,1.815752090066816,0.06029887337749637
0.3,60,1.0,1.0,20,2.3333333333333335,0.0,0.07333333333333333,0.04024777063311299,1.3464801339091292,0.16505226565176587
