road_length,num_vehicles,density,requested_av_share,realised_av_share,seed,warmup,steps,mean_speed,stopped_fraction,speed_std
200,20,0.1,0.0,0.0,1,200,800,4.765125,0.0,0.440691200700672
200,20,0.1,0.0,0.0,2,200,800,4.7570625,0.0,0.45378284574645394
200,20,0.1,0.0,0.0,3,200,800,4.7598125,0.0,0.4517991421458766
200,20,0.1,0.0,0.0,4,200,800,4.76675,0.0,0.44745886682465014
200,20,0.1,0.0,0.0,5,200,800,4.75225,0.0,0.46164914978801813
200,20,0.1,0.0,0.0,6,200,800,4.763625,0.0,0.44930708805337133
200,20,0.1,0.0,0.0,7,200,800,4.75525,0.0,0.45972539357751385
200,20,0.1,0.0,0.0,8,200,800,4.75275,0.0,0.45674657907859584
200,20,0.1,0.0,0.0,9,200,800,4.754,0.0,0.4563266373991332
200,20,0.1,0.0,0.0,10,200,800,4.76275,0.0,0.4477303178253624
200,20,0.1,0.0,0.0,11,200,800,4.753375,0.0,0.45626320186379266
200,20,0.1,0.0,0.0,12,200,800,4.763875,0.0,0.4484640279609949
200,20,0.1,0.0,0.0,13,200,800,4.7590625,0.0,0.4522296110315533
200,20,0.1,0.0,0.0,14,200,800,4.7555625,0.0,0.45982367119772116
200,20,0.1,0.0,0.0,15,200,800,4.7569375,0.0,0.45081384305913896
200,20,0.1,0.0,0.0,16,200,800,4.756125,0.0,0.4581484305058787
200,20,0.1,0.0,0.0,17,200,800,4.7470625,6.25e-05,0.47692779442358985
200,20,0.1,0.0,0.0,18,200,800,4.7374375,0.0,0.4697056882705914
200,20,0.1,0.0,0.0,19,200,800,4.771375,0.0,0.4397221956815462
200,20,0.1,0.0,0.0,20,200,800,4.745625,0.0,0.4747824337262279
200,20,0.1,0.1,0.1,1,200,800,4.7610625,0.0,0.4484377003483873
200,20,0.1,0.1,0.1,2,200,800,4.76475,0.0,0.4443055677121321
200,20,0.1,0.1,0.1,3,200,800,4.764375,0.0,0.4526100522248705
200,20,0.1,0.1,0.1,4,200,800,4.7726875,0.0,0.4379115519642637
200,20,0.1,0.1,0.1,5,200,800,4.7584375,0.0,0.45092688830202843
200,20,0.1,0.1,0.1,6,200,800,4.7690625,0.0,0.44830834376994366
200,20,0.1,0.1,0.1,7,200,800,4.77,0.0,0.43814951785891537
200,20,0.1,0.1,0.1,8,200,800,4.76275,0.0,0.4475907030982659
200,20,0.1,0.1,0.1,9,200,800,4.7583125,0.0,0.4604613472852526
200,20,0.1,0.1,0.1,10,200,800,4.7626875,0.0,0.44734804944668083
200,20,0.1,0.1,0.1,11,200,800,4.747375,0.0,0.4618502023113122
200,20,0.1,0.1,0.1,12,200,800,4.7646875,0.0,0.4436389605791516
200,20,0.1,0.1,0.1,13,200,800,4.7718125,0.0,0.43602518831341613
200,20,0.1,0.1,0.1,14,200,800,4.751625,0.0,0.464956836034271
200,20,0.1,0.1,0.1,15,200,800,4.75725,0.0,0.454364872651925
200,20,0.1,0.1,0.1,16,200,800,4.76125,0.0,0.4469322515773504
200,20,0.1,0.1,0.1,17,200,800,4.757375,0.0,0.4537434400352252
200,20,0.1,0.1,0.1,18,200,800,4.7593125,0.0,0.45014667314526496
200,20,0.1,0.1,0.1,19,200,800,4.768,0.0,0.45268753020157293
200,20,0.1,0.1,0.1,20,200,800,4.7645,0.0,0.44149150614706056
200,20,0.1,0.25,0.25,1,200,800,4.7543125,0.0,0.4588846830563753
200,20,0.1,0.25,0.25,2,200,800,4.77175,0.0,0.43275505485204907
200,20,0.1,0.25,0.25,3,200,800,4.7835625,0.0,0.41933555608098627
200,20,0.1,0.25,0.25,4,200,800,4.772125,0.0,0.4336738225613808
200,20,0.1,0.25,0.25,5,200,800,4.7750625,0.0,0.4293490667204833
200,20,0.1,0.25,0.25,6,200,800,4.780125,0.0,0.4267961859892846
200,20,0.1,0.25,0.25,7,200,800,4.7794375,0.0,0.42666108750828213
200,20,0.1,0.25,0.25,8,200,800,4.767625,0.0,0.4356051645412391
200,20,0.1,0.25,0.25,9,200,800,4.7709375,0.0,0.4385691178067033
200,20,0.1,0.25,0.25,10,200,800,4.7749375,0.0,0.4304467110964492
200,20,0.1,0.25,0.25,11,200,800,4.755875,0.0,0.4472448818879876
200,20,0.1,0.25,0.25,12,200,800,4.7673125,0.0,0.43979430117243445
200,20,0.1,0.25,0.25,13,200,800,4.7621875,0.0,0.4575835605042537
200,20,0.1,0.25,0.25,14,200,800,4.7555,0.0,0.4652630976125229
200,20,0.1,0.25,0.25,15,200,800,4.756,0.0,0.45479555846555936
200,20,0.1,0.25,0.25,16,200,800,4.764875,0.0,0.4423982757369201
200,20,0.1,0.25,0.25,17,200,800,4.7678125,0.0,0.43477173878226033
200,20,0.1,0.25,0.25,18,200,800,4.758625,0.0,0.4474797306862066
200,20,0.1,0.25,0.25,19,200,800,4.774375,0.0,0.43268736909574795
200,20,0.1,0.25,0.25,20,200,800,4.7485,0.000375,0.48528110410359065
200,20,0.1,0.5,0.5,1,200,800,4.781,0.0,0.42283448298359017
200,20,0.1,0.5,0.5,2,200,800,4.7825625,0.0,0.4222362296082017
200,20,0.1,0.5,0.5,3,200,800,4.794875,0.0,0.4087159580625645
200,20,0.1,0.5,0.5,4,200,800,4.7676875,0.0,0.4404184400587128
200,20,0.1,0.5,0.5,5,200,800,4.767625,0.0,0.433880005733152
200,20,0.1,0.5,0.5,6,200,800,4.7883125,0.0,0.4189282782813187
200,20,0.1,0.5,0.5,7,200,800,4.7719375,0.0,0.43522981985814113
200,20,0.1,0.5,0.5,8,200,800,4.7806875,0.0,0.42200654893467
200,20,0.1,0.5,0.5,9,200,800,4.7821875,0.0,0.42352120943791
200,20,0.1,0.5,0.5,10,200,800,4.7830625,0.0,0.4236751362704094
200,20,0.1,0.5,0.5,11,200,800,4.7714375,0.0,0.43939923030627853
200,20,0.1,0.5,0.5,12,200,800,4.789625,0.0,0.41757317846696046
200,20,0.1,0.5,0.5,13,200,800,4.763875,0.0,0.4467885231012542
200,20,0.1,0.5,0.5,14,200,800,4.78525,0.0,0.4258901707013206
200,20,0.1,0.5,0.5,15,200,800,4.7679375,0.0,0.4348384712669177
200,20,0.1,0.5,0.5,16,200,800,4.7735625,0.0,0.43045157520184546
200,20,0.1,0.5,0.5,17,200,800,4.777625,0.0,0.42255101393204586
200,20,0.1,0.5,0.5,18,200,800,4.7831875,0.0,0.4189926489137369
200,20,0.1,0.5,0.5,19,200,800,4.77825,0.0,0.42479634826584844
200,20,0.1,0.5,0.5,20,200,800,4.784375,0.0,0.4163902729111236
200,20,0.1,0.75,0.75,1,200,800,4.80325,0.0,0.4012971934863238
200,20,0.1,0.75,0.75,2,200,800,4.8015,0.0,0.3999659360495591
200,20,0.1,0.75,0.75,3,200,800,4.8035,0.0,0.3993904730961919
200,20,0.1,0.75,0.75,4,200,800,4.7968125,0.0,0.4093010381659812
200,20,0.1,0.75,0.75,5,200,800,4.785375,0.0,0.41299044707474775
200,20,0.1,0.75,0.75,6,200,800,4.779875,0.0,0.42739909262304243
200,20,0.1,0.75,0.75,7,200,800,4.7850625,0.0,0.4126007405395075
200,20,0.1,0.75,0.75,8,200,800,4.78725,0.0,0.41108081626366366
200,20,0.1,0.75,0.75,9,200,800,4.7929375,0.0,0.4070474432959259
200,20,0.1,0.75,0.75,10,200,800,4.783625,0.0,0.4206326893799387
200,20,0.1,0.75,0.75,11,200,800,4.7990625,0.0,0.40442752267093546
200,20,0.1,0.75,0.75,12,200,800,4.8005,0.0,0.4035154891698707
200,20,0.1,0.75,0.75,13,200,800,4.7795625,0.0,0.4181444829167904
200,20,0.1,0.75,0.75,14,200,800,4.785,0.0,0.41910619179391756
200,20,0.1,0.75,0.75,15,200,800,4.7825625,0.0,0.4262140701499072
200,20,0.1,0.75,0.75,16,200,800,4.783375,0.0,0.4274325787478067
200,20,0.1,0.75,0.75,17,200,800,4.7915,0.0,0.4094542098940979
200,20,0.1,0.75,0.75,18,200,800,4.7968125,0.0,0.4068505128960144
200,20,0.1,0.75,0.75,19,200,800,4.77825,0.0,0.4261184547751951
200,20,0.1,0.75,0.75,20,200,800,4.790125,0.0,0.40905682291706125
200,20,0.1,1.0,1.0,1,200,800,5.0,0.0,0.0
200,20,0.1,1.0,1.0,2,200,800,5.0,0.0,0.0
200,20,0.1,1.0,1.0,3,200,800,5.0,0.0,0.0
200,20,0.1,1.0,1.0,4,200,800,5.0,0.0,0.0
200,20,0.1,1.0,1.0,5,200,800,5.0,0.0,0.0
200,20,0.1,1.0,1.0,6,200,800,5.0,0.0,0.0
200,20,0.1,1.0,1.0,7,200,800,5.0,0.0,0.0
200,20,0.1,1.0,1.0,8,200,800,5.0,0.0,0.0
200,20,0.1,1.0,1.0,9,200,800,5.0,0.0,0.0
200,20,0.1,1.0,1.0,10,200,800,5.0,0.0,0.0
200,20,0.1,1.0,1.0,11,200,800,5.0,0.0,0.0
200,20,0.1,1.0,1.0,12,200,800,5.0,0.0,0.0
200,20,0.1,1.0,1.0,13,200,800,5.0,0.0,0.0
200,20,0.1,1.0,1.0,14,200,800,5.0,0.0,0.0
200,20,0.1,1.0,1.0,15,200,800,5.0,0.0,0.0
200,20,0.1,1.0,1.0,16,200,800,5.0,0.0,0.0
200,20,0.1,1.0,1.0,17,200,800,5.0,0.0,0.0
200,20,0.1,1.0,1.0,18,200,800,5.0,0.0,0.0
200,20,0.1,1.0,1.0,19,200,800,5.0,0.0,0.0
200,20,0.1,1.0,1.0,20,200,800,5.0,0.0,0.0
200,40,0.2,0.0,0.0,1,200,800,2.6843125,0.205,1.938644217576745
200,40,0.2,0.0,0.0,2,200,800,2.60534375,0.22978125,1.9939822452408993
200,40,0.2,0.0,0.0,3,200,800,2.62875,0.2120625,1.9573862514843614
200,40,0.2,0.0,0.0,4,200,800,2.65665625,0.202375,1.9511749842943193
200,40,0.2,0.0,0.0,5,200,800,2.69496875,0.17321875,1.879142008078005
200,40,0.2,0.0,0.0,6,200,800,2.6746875,0.1905625,1.9092987658676548
200,40,0.2,0.0,0.0,7,200,800,2.66290625,0.18653125,1.896269114263832
200,40,0.2,0.0,0.0,8,200,800,2.6355,0.1973125,1.9284423118154197
200,40,0.2,0.0,0.0,9,200,800,2.635125,0.1885,1.8987472802811332
200,40,0.2,0.0,0.0,10,200,800,2.704125,0.20284375,1.9320217349644389
200,40,0.2,0.0,0.0,11,200,800,2.66003125,0.20409375,1.9465713444473176
200,40,0.2,0.0,0.0,12,200,800,2.59965625,0.2301875,2.009821169118272
200,40,0.2,0.0,0.0,13,200,800,2.6808125,0.177875,1.8889135342423036
200,40,0.2,0.0,0.0,14,200,800,2.66328125,0.20353125,1.9552881458747806
200,40,0.2,0.0,0.0,15,200,800,2.62534375,0.1994375,1.9289994671683912
200,40,0.2,0.0,0.0,16,200,800,2.64640625,0.189125,1.8826683749298327
200,40,0.2,0.0,0.0,17,200,800,2.61965625,0.21959375,1.9642892816069475
200,40,0.2,0.0,0.0,18,200,800,2.6296875,0.2105625,1.9597336942410697
200,40,0.2,0.0,0.0,19,200,800,2.62246875,0.23434375,2.0087312924513916
200,40,0.2,0.0,0.0,20,200,800,2.63975,0.19709375,1.9196275517662273
200,40,0.2,0.1,0.1,1,200,800,2.71396875,0.18175,1.902144808899532
200,40,0.2,0.1,0.1,2,200,800,2.7955625,0.1974375,1.9738016132817782
200,40,0.2,0.1,0.1,3,200,800,2.72775,0.19309375,1.9360571885923206
200,40,0.2,0.1,0.1,4,200,800,2.75075,0.20590625,1.985478390086379
200,40,0.2,0.1,0.1,5,200,800,2.753125,0.191375,1.9379893535246782
200,40,0.2,0.1,0.1,6,200,800,2.743625,0.2221875,2.0122026138972684
200,40,0.2,0.1,0.1,7,200,800,2.72721875,0.18771875,1.9335353991195603
200,40,0.2,0.1,0.1,8,200,800,2.79,0.17196875,1.894340254547741
200,40,0.2,0.1,0.1,9,200,800,2.73,0.19553125,1.962310500405071
200,40,0.2,0.1,0.1,10,200,800,2.703625,0.2065,1.9648089880125752
200,40,0.2,0.1,0.1,11,200,800,2.71728125,0.2025625,1.9583733960607301
200,40,0.2,0.1,0.1,12,200,800,2.7331875,0.17909375,1.8973332838074997
200,40,0.2,0.1,0.1,13,200,800,2.76359375,0.19209375,1.948658085699217
200,40,0.2,0.1,0.1,14,200,800,2.72596875,0.2195625,1.9992500153866293
200,40,0.2,0.1,0.1,15,200,800,2.71890625,0.19765625,1.956100726882677
200,40,0.2,0.1,0.1,16,200,800,2.73653125,0.22125,2.015562072418867
200,40,0.2,0.1,0.1,17,200,800,2.69765625,0.2049375,1.964782305202268
200,40,0.2,0.1,0.1,18,200,800,2.72465625,0.21203125,1.9751340636361718
200,40,0.2,0.1,0.1,19,200,800,2.66084375,0.22396875,2.0041062317367153
200,40,0.2,0.1,0.1,20,200,800,2.77621875,0.1765625,1.9220310096739952
200,40,0.2,0.25,0.25,1,200,800,2.88653125,0.16346875,1.9045094099986584
200,40,0.2,0.25,0.25,2,200,800,2.80884375,0.18584375,1.9669908586686258
200,40,0.2,0.25,0.25,3,200,800,2.854125,0.19734375,1.9771432634928103
200,40,0.2,0.25,0.25,4,200,800,2.87184375,0.1785,1.9494024021699412
200,40,0.2,0.25,0.25,5,200,800,2.87178125,0.18965625,1.9784378186206504
200,40,0.2,0.25,0.25,6,200,800,2.83853125,0.15484375,1.884564695831225
200,40,0.2,0.25,0.25,7,200,800,2.888,0.16925,1.9360768321531043
200,40,0.2,0.25,0.25,8,200,800,2.9111875,0.18753125,1.9585995863993615
200,40,0.2,0.25,0.25,9,200,800,2.8208125,0.19546875,1.9782610646332173
200,40,0.2,0.25,0.25,10,200,800,2.835,0.20025,1.9828703941508634
200,40,0.2,0.25,0.25,11,200,800,2.8928125,0.15153125,1.8525687139331026
200,40,0.2,0.25,0.25,12,200,800,2.87846875,0.17484375,1.9399449490316567
200,40,0.2,0.25,0.25,13,200,800,2.89334375,0.16315625,1.8995145943993001
200,40,0.2,0.25,0.25,14,200,800,2.87096875,0.1891875,1.9665501993398078
200,40,0.2,0.25,0.25,15,200,800,2.86953125,0.1809375,1.9423913496701528
200,40,0.2,0.25,0.25,16,200,800,2.8940625,0.16303125,1.887449269806675
200,40,0.2,0.25,0.25,17,200,800,2.87128125,0.18146875,1.9492691536569386
200,40,0.2,0.25,0.25,18,200,800,2.84721875,0.21496875,2.005321455440109
200,40,0.2,0.25,0.25,19,200,800,2.768625,0.1955,1.9710474650233565
200,40,0.2,0.25,0.25,20,200,800,2.96403125,0.17084375,1.9156069531674387
200,40,0.2,0.5,0.5,1,200,800,3.19228125,0.12203125,1.8328247791042214
200,40,0.2,0.5,0.5,2,200,800,3.183625,0.135875,1.8756083971274493
200,40,0.2,0.5,0.5,3,200,800,3.16403125,0.1346875,1.863967542373911
200,40,0.2,0.5,0.5,4,200,800,3.166375,0.136625,1.880792880509441
200,40,0.2,0.5,0.5,5,200,800,3.1959375,0.144375,1.8978562896314752
200,40,0.2,0.5,0.5,6,200,800,3.179875,0.1415625,1.89965983385842
200,40,0.2,0.5,0.5,7,200,800,3.17275,0.1408125,1.8948865236472605
200,40,0.2,0.5,0.5,8,200,800,3.16921875,0.11184375,1.785818093941384
200,40,0.2,0.5,0.5,9,200,800,3.10846875,0.1530625,1.9129697541449624
200,40,0.2,0.5,0.5,10,200,800,3.17503125,0.15128125,1.917995779850268
200,40,0.2,0.5,0.5,11,200,800,3.11771875,0.154625,1.921584254176339
200,40,0.2,0.5,0.5,12,200,800,3.25428125,0.12665625,1.8326032838283461
200,40,0.2,0.5,0.5,13,200,800,3.17525,0.13159375,1.8533010919707569
200,40,0.2,0.5,0.5,14,200,800,3.1626875,0.14875,1.9066581438065267
200,40,0.2,0.5,0.5,15,200,800,3.127625,0.145875,1.89255762379247
200,40,0.2,0.5,0.5,16,200,800,3.19628125,0.1681875,1.9386057930632616
200,40,0.2,0.5,0.5,17,200,800,3.24071875,0.12340625,1.8314845708873546
200,40,0.2,0.5,0.5,18,200,800,3.193375,0.1225,1.8131584622903205
200,40,0.2,0.5,0.5,19,200,800,3.17190625,0.15903125,1.920313643968333
200,40,0.2,0.5,0.5,20,200,800,3.16909375,0.1413125,1.8866474375756954
200,40,0.2,0.75,0.75,1,200,800,3.5275625,0.104375,1.7832352084326257
200,40,0.2,0.75,0.75,2,200,800,3.53421875,0.105,1.7784344455583505
200,40,0.2,0.75,0.75,3,200,800,3.5404375,0.0865,1.7180991847369436
200,40,0.2,0.75,0.75,4,200,800,3.5045,0.096125,1.7518860550846336
200,40,0.2,0.75,0.75,5,200,800,3.51565625,0.11940625,1.8187234209290695
200,40,0.2,0.75,0.75,6,200,800,3.567875,0.07896875,1.6974666371905516
200,40,0.2,0.75,0.75,7,200,800,3.59215625,0.08421875,1.6825597242255437
200,40,0.2,0.75,0.75,8,200,800,3.52096875,0.09890625,1.7645637737195665
200,40,0.2,0.75,0.75,9,200,800,3.47940625,0.09125,1.728550953099427
200,40,0.2,0.75,0.75,10,200,800,3.57390625,0.08684375,1.6948747346665292
200,40,0.2,0.75,0.75,11,200,800,3.5656875,0.07103125,1.6708897786340515
200,40,0.2,0.75,0.75,12,200,800,3.5329375,0.09428125,1.753258429637157
200,40,0.2,0.75,0.75,13,200,800,3.52075,0.09346875,1.7494125978453454
200,40,0.2,0.75,0.75,14,200,800,3.4758125,0.10096875,1.754968650672641
200,40,0.2,0.75,0.75,15,200,800,3.5374375,0.08396875,1.6813234173096352
200,40,0.2,0.75,0.75,16,200,800,3.51465625,0.1053125,1.767670838797749
200,40,0.2,0.75,0.75,17,200,800,3.556125,0.0764375,1.6615805681263247
200,40,0.2,0.75,0.75,18,200,800,3.52734375,0.0845,1.6930563544477595
200,40,0.2,0.75,0.75,19,200,800,3.5098125,0.0945,1.7591983159506919
200,40,0.2,0.75,0.75,20,200,800,3.47378125,0.11684375,1.8216236101753944
200,40,0.2,1.0,1.0,1,200,800,4.0,0.025,1.3601470508735443
200,40,0.2,1.0,1.0,2,200,800,4.0,0.0,0.8660254037844386
200,40,0.2,1.0,1.0,3,200,800,4.0,0.0,1.3601470508735443
200,40,0.2,1.0,1.0,4,200,800,4.0,0.025,1.51657508881031
200,40,0.2,1.0,1.0,5,200,800,4.0,0.0,1.3601470508735443
200,40,0.2,1.0,1.0,6,200,800,4.0,0.0,1.0723805294763609
200,40,0.2,1.0,1.0,7,200,800,4.0,0.05,1.5329709716755893
200,40,0.2,1.0,1.0,8,200,800,4.0,0.0,1.2449899597988732
200,40,0.2,1.0,1.0,9,200,800,4.0,0.0,1.0488088481701516
200,40,0.2,1.0,1.0,10,200,800,4.0,0.0,1.284523257866513
200,40,0.2,1.0,1.0,11,200,800,4.0,0.0,1.378404875209022
200,40,0.2,1.0,1.0,12,200,800,4.0,0.0,1.3416407864998738
200,40,0.2,1.0,1.0,13,200,800,4.0,0.0,1.3601470508735443
200,40,0.2,1.0,1.0,14,200,800,4.0,0.0,1.2449899597988732
200,40,0.2,1.0,1.0,15,200,800,4.0,0.025,1.3601470508735443
200,40,0.2,1.0,1.0,16,200,800,4.0,0.0,1.3601470508735443
200,40,0.2,1.0,1.0,17,200,800,4.0,0.0,1.3038404810405297
200,40,0.2,1.0,1.0,18,200,800,4.0,0.0,1.0954451150103321
200,40,0.2,1.0,1.0,19,200,800,4.0,0.0,1.161895003862225
200,40,0.2,1.0,1.0,20,200,800,4.0,0.0,1.1832159566199232
200,60,0.3,0.0,0.0,1,200,800,1.566125,0.3698125,1.701813488911657
200,60,0.3,0.0,0.0,2,200,800,1.5974791666666666,0.33920833333333333,1.6564891021070152
200,60,0.3,0.0,0.0,3,200,800,1.5898958333333333,0.30733333333333335,1.5573755934742606
200,60,0.3,0.0,0.0,4,200,800,1.6033333333333333,0.3315208333333333,1.6366853359424007
200,60,0.3,0.0,0.0,5,200,800,1.5799375,0.3702083333333333,1.7183524074222232
200,60,0.3,0.0,0.0,6,200,800,1.5979375,0.358875,1.7114783802589357
200,60,0.3,0.0,0.0,7,200,800,1.5971458333333333,0.3238125,1.599042740850279
200,60,0.3,0.0,0.0,8,200,800,1.6124791666666667,0.32985416666666667,1.6273363011578068
200,60,0.3,0.0,0.0,9,200,800,1.5815625,0.3651041666666667,1.7107423024115633
200,60,0.3,0.0,0.0,10,200,800,1.5658541666666668,0.34983333333333333,1.661913022814162
200,60,0.3,0.0,0.0,11,200,800,1.6038958333333333,0.3273125,1.6269467280203038
200,60,0.3,0.0,0.0,12,200,800,1.57025,0.34210416666666665,1.6346706918622274
200,60,0.3,0.0,0.0,13,200,800,1.5965833333333332,0.3426458333333333,1.6400091441987619
200,60,0.3,0.0,0.0,14,200,800,1.5976458333333334,0.35741666666666666,1.6718897365653749
200,60,0.3,0.0,0.0,15,200,800,1.572375,0.3401458333333333,1.63422107624448
200,60,0.3,0.0,0.0,16,200,800,1.586,0.3532708333333333,1.6853597044350306
200,60,0.3,0.0,0.0,17,200,800,1.5936666666666666,0.3371458333333333,1.6292180810301473
200,60,0.3,0.0,0.0,18,200,800,1.5920625,0.37672916666666667,1.7340894333224042
200,60,0.3,0.0,0.0,19,200,800,1.5900416666666666,0.3362291666666667,1.6285527823594037
200,60,0.3,0.0,0.0,20,200,800,1.5695416666666666,0.38958333333333334,1.7542084511056706
200,60,0.3,0.1,0.1,1,200,800,1.6399583333333334,0.3282083333333333,1.6725215489186447
200,60,0.3,0.1,0.1,2,200,800,1.6296666666666666,0.31777083333333334,1.6263260913960507
200,60,0.3,0.1,0.1,3,200,800,1.6103333333333334,0.345875,1.690325872592488
200,60,0.3,0.1,0.1,4,200,800,1.6172916666666666,0.32935416666666667,1.64681288097056
200,60,0.3,0.1,0.1,5,200,800,1.6237916666666667,0.33625,1.6473870087496811
200,60,0.3,0.1,0.1,6,200,800,1.6413541666666667,0.3635833333333333,1.745642861402633
200,60,0.3,0.1,0.1,7,200,800,1.6428125,0.3594791666666667,1.747492371898587
200,60,0.3,0.1,0.1,8,200,800,1.6472916666666666,0.35022916666666665,1.7062791384365832
200,60,0.3,0.1,0.1,9,200,800,1.6382291666666666,0.31335416666666666,1.6273883056857201
200,60,0.3,0.1,0.1,10,200,800,1.6318958333333333,0.3541458333333333,1.7100984832700832
200,60,0.3,0.1,0.1,11,200,800,1.6233125,0.32497916666666665,1.6451070970234987
200,60,0.3,0.1,0.1,12,200,800,1.6299791666666668,0.3529375,1.7004721156880636
200,60,0.3,0.1,0.1,13,200,800,1.6742291666666667,0.313375,1.6231330395717123
200,60,0.3,0.1,0.1,14,200,800,1.6381666666666668,0.35054166666666664,1.6928260312927086
200,60,0.3,0.1,0.1,15,200,800,1.5903958333333332,0.38097916666666665,1.7573878133893228
200,60,0.3,0.1,0.1,16,200,800,1.6135833333333334,0.3649375,1.7228292118070077
200,60,0.3,0.1,0.1,17,200,800,1.6204791666666667,0.3441458333333333,1.6901508129156124
200,60,0.3,0.1,0.1,18,200,800,1.615875,0.36714583333333334,1.7400640747900635
200,60,0.3,0.1,0.1,19,200,800,1.6598125,0.297,1.578053114286847
200,60,0.3,0.1,0.1,20,200,800,1.6115416666666667,0.36304166666666665,1.7205425859101993
200,60,0.3,0.25,0.25,1,200,800,1.6862291666666667,0.3643125,1.7919571323414256
200,60,0.3,0.25,0.25,2,200,800,1.7291458333333334,0.3315416666666667,1.7488902730205724
200,60,0.3,0.25,0.25,3,200,800,1.7079791666666666,0.3235625,1.7029493042657804
200,60,0.3,0.25,0.25,4,200,800,1.7110416666666666,0.32385416666666667,1.7437157876970344
200,60,0.3,0.25,0.25,5,200,800,1.717375,0.325375,1.7229329961942803
200,60,0.3,0.25,0.25,6,200,800,1.7217708333333333,0.3241041666666667,1.7202788623212533
200,60,0.3,0.25,0.25,7,200,800,1.7306875,0.2959791666666667,1.6429876071789922
200,60,0.3,0.25,0.25,8,200,800,1.6902083333333333,0.31914583333333335,1.675717495064096
200,60,0.3,0.25,0.25,9,200,800,1.7209583333333334,0.32179166666666664,1.7065469272570724
200,60,0.3,0.25,0.25,10,200,800,1.7080625,0.31585416666666666,1.6926808114429264
200,60,0.3,0.25,0.25,11,200,800,1.7410416666666666,0.31502083333333336,1.7153057788425232
200,60,0.3,0.25,0.25,12,200,800,1.7013958333333334,0.33841666666666664,1.736526144821697
200,60,0.3,0.25,0.25,13,200,800,1.75275,0.340625,1.766515148769841
200,60,0.3,0.25,0.25,14,200,800,1.7302916666666666,0.3491875,1.7723592793027478
200,60,0.3,0.25,0.25,15,200,800,1.724,0.322375,1.6859069764768557
200,60,0.3,0.25,0.25,16,200,800,1.705,0.34189583333333334,1.7430146298869669
200,60,0.3,0.25,0.25,17,200,800,1.7173541666666667,0.3181875,1.6937897841524803
200,60,0.3,0.25,0.25,18,200,800,1.7215625,0.3385416666666667,1.7684956107552026
200,60,0.3,0.25,0.25,19,200,800,1.7014791666666667,0.3500625,1.7820136958132426
200,60,0.3,0.25,0.25,20,200,800,1.7301458333333333,0.4100416666666667,1.8926149182368395
200,60,0.3,0.5,0.5,1,200,800,1.823125,0.33441666666666664,1.8356784125698598
200,60,0.3,0.5,0.5,2,200,800,1.8951041666666666,0.29325,1.7905821299648073
200,60,0.3,0.5,0.5,3,200,800,1.890625,0.27229166666666665,1.6932204353563458
200,60,0.3,0.5,0.5,4,200,800,1.8719375,0.29852083333333335,1.8016531749369569
200,60,0.3,0.5,0.5,5,200,800,1.878875,0.29954166666666665,1.7878628958549925
200,60,0.3,0.5,0.5,6,200,800,1.8818125,0.30014583333333333,1.7843680155292376
200,60,0.3,0.5,0.5,7,200,800,1.884375,0.2914375,1.741277555716396
200,60,0.3,0.5,0.5,8,200,800,1.8665833333333333,0.268375,1.7030095888521068
200,60,0.3,0.5,0.5,9,200,800,1.8742708333333333,0.3288333333333333,1.8343381213167795
200,60,0.3,0.5,0.5,10,200,800,1.8659583333333334,0.3290416666666667,1.8385318866595404
200,60,0.3,0.5,0.5,11,200,800,1.8727708333333333,0.3012708333333333,1.7767949344674825
200,60,0.3,0.5,0.5,12,200,800,1.8729583333333333,0.29452083333333334,1.7593873218435698
200,60,0.3,0.5,0.5,13,200,800,1.8958333333333333,0.28991666666666666,1.7855972779126006
200,60,0.3,0.5,0.5,14,200,800,1.8967916666666667,0.24227083333333332,1.622438403534596
200,60,0.3,0.5,0.5,15,200,800,1.8995625,0.31297916666666664,1.8332961595426283
200,60,0.3,0.5,0.5,16,200,800,1.87,0.285875,1.7231197482086573
200,60,0.3,0.5,0.5,17,200,800,1.8841041666666667,0.2876458333333333,1.7440749188273532
200,60,0.3,0.5,0.5,18,200,800,1.9106041666666667,0.2954583333333333,1.7975411590047035
200,60,0.3,0.5,0.5,19,200,800,1.8837083333333333,0.32054166666666667,1.8440154324003244
200,60,0.3,0.5,0.5,20,200,800,1.9184583333333334,0.258125,1.6885450215882771
200,60,0.3,0.75,0.75,1,200,800,2.0778333333333334,0.2944583333333333,1.8943293374935861
200,60,0.3,0.75,0.75,2,200,800,2.0693333333333332,0.2724375,1.8542589415241395
200,60,0.3,0.75,0.75,3,200,800,2.0843333333333334,0.28402083333333333,1.8679122629883402
200,60,0.3,0.75,0.75,4,200,800,2.092125,0.2140625,1.6951931014022168
200,60,0.3,0.75,0.75,5,200,800,2.074875,0.2840416666666667,1.8634024617282763
200,60,0.3,0.75,0.75,6,200,800,2.0934583333333334,0.26739583333333333,1.8242963593115078
200,60,0.3,0.75,0.75,7,200,800,2.0761666666666665,0.2524375,1.7741402534435908
200,60,0.3,0.75,0.75,8,200,800,2.072375,0.26897916666666666,1.8334653508338612
200,60,0.3,0.75,0.75,9,200,800,2.090333333333333,0.2669375,1.8258691689774003
200,60,0.3,0.75,0.75,10,200,800,2.0599791666666665,0.2789583333333333,1.8760681400825074
200,60,0.3,0.75,0.75,11,200,800,2.0911666666666666,0.244,1.8016604301464678
200,60,0.3,0.75,0.75,12,200,800,2.0808958333333334,0.2751458333333333,1.8390944413350028
200,60,0.3,0.75,0.75,13,200,800,2.0928958333333334,0.21266666666666667,1.6815219884029584
200,60,0.3,0.75,0.75,14,200,800,2.1040833333333335,0.24279166666666666,1.7478200688444894
200,60,0.3,0.75,0.75,15,200,800,2.0667708333333334,0.24335416666666668,1.7986974423591382
200,60,0.3,0.75,0.75,16,200,800,2.06775,0.30927083333333333,1.9095793439481203
200,60,0.3,0.75,0.75,17,200,800,2.0894791666666666,0.2530833333333333,1.7877400012490552
200,60,0.3,0.75,0.75,18,200,800,2.0669583333333335,0.27295833333333336,1.8079500126562926
200,60,0.3,0.75,0.75,19,200,800,2.071,0.2740625,1.8529370379661223
200,60,0.3,0.75,0.75,20,200,800,2.06825,0.245375,1.7791056566432473
200,60,0.3,1.0,1.0,1,200,800,2.3333333333333335,0.08333333333333333,1.286683937707919
200,60,0.3,1.0,1.0,2,200,800,2.3333333333333335,0.06666666666666667,1.3123346456686351
200,60,0.3,1.0,1.0,3,200,800,2.3333333333333335,0.11666666666666667,1.4907119849998598
200,60,0.3,1.0,1.0,4,200,800,2.3333333333333335,0.1,1.5238839267549948
200,60,0.3,1.0,1.0,5,200,800,2.3333333333333335,0.03333333333333333,1.2337837015547832
200,60,0.3,1.0,1.0,6,200,800,2.3333333333333335,0.016666666666666666,1.1055415967851332
200,60,0.3,1.0,1.0,7,200,800,2.3333333333333335,0.18333333333333332,1.669996673316713
200,60,0.3,1.0,1.0,8,200,800,2.3333333333333335,0.08333333333333333,1.4681810363696828
200,60,0.3,1.0,1.0,9,200,800,2.3333333333333335,0.06666666666666667,1.2605113600792692
200,60,0.3,1.0,1.0,10,200,800,2.3333333333333335,0.016666666666666666,1.1498792207106894
200,60,0.3,1.0,1.0,11,200,800,2.3333333333333335,0.03333333333333333,1.3249737942901194
200,60,0.3,1.0,1.0,12,200,800,2.3333333333333335,0.06666666666666667,1.4337208778404378
200,60,0.3,1.0,1.0,13,200,800,2.3333333333333335,0.08333333333333333,1.3249737942901194
200,60,0.3,1.0,1.0,14,200,800,2.3333333333333335,0.05,1.2202003478482084
200,60,0.3,1.0,1.0,15,200,800,2.3333333333333335,0.06666666666666667,1.247219128924647
200,60,0.3,1.0,1.0,16,200,800,2.3333333333333335,0.06666666666666667,1.36218778278017
200,60,0.3,1.0,1.0,17,200,800,2.3333333333333335,0.03333333333333333,1.0593499054713802
200,60,0.3,1.0,1.0,18,200,800,2.3333333333333335,0.08333333333333333,1.4907119849998598
200,60,0.3,1.0,1.0,19,200,800,2.3333333333333335,0.08333333333333333,1.3249737942901194
200,60,0.3,1.0,1.0,20,200,800,2.3333333333333335,0.13333333333333333,1.6397831834998458
