pair_id,lanes,density,requested_av_share,av_policy,seed,warmup,steps,braking_duration,disturbance_start_step,disturbance_speed_cap,recovery_window,recovery_fraction,pre_disturbance_mean_speed,minimum_mean_speed_after_braking,maximum_stopped_fraction_after_braking,recovered,recovery_time_steps,maximum_stopped_fraction_delta_from_control,minimum_mean_speed_delta_from_control
lanes-1_density-0.300_av-0.000_policy-reactive_seed-1,1,0.3,0.0,reactive,1,200,400,4,100,0,20,0.9,1.4757575757575756,0.9833333333333333,0.5166666666666667,True,25,-0.033333333333333326,-0.16666666666666663
lanes-1_density-0.300_av-0.000_policy-reactive_seed-1,1,0.3,0.0,reactive,1,200,400,4,100,0,20,0.95,1.4757575757575756,0.9833333333333333,0.5166666666666667,True,28,-0.033333333333333326,-0.16666666666666663
lanes-1_density-0.300_av-0.000_policy-reactive_seed-2,1,0.3,0.0,reactive,2,200,400,4,100,0,20,0.9,1.583838383838384,1.3166666666666667,0.43333333333333335,True,20,-0.016666666666666663,0.050000000000000044
lanes-1_density-0.300_av-0.000_policy-reactive_seed-2,1,0.3,0.0,reactive,2,200,400,4,100,0,20,0.95,1.583838383838384,1.3166666666666667,0.43333333333333335,True,20,-0.016666666666666663,0.050000000000000044
lanes-1_density-0.300_av-0.000_policy-reactive_seed-3,1,0.3,0.0,reactive,3,200,400,4,100,0,20,0.9,1.6409090909090909,1.25,0.5,True,20,0.06666666666666665,-0.03333333333333344
lanes-1_density-0.300_av-0.000_policy-reactive_seed-3,1,0.3,0.0,reactive,3,200,400,4,100,0,20,0.95,1.6409090909090909,1.25,0.5,True,21,0.06666666666666665,-0.03333333333333344
lanes-1_density-0.300_av-0.000_policy-reactive_seed-4,1,0.3,0.0,reactive,4,200,400,4,100,0,20,0.9,1.6550505050505049,1.2,0.48333333333333334,True,37,0.033333333333333326,-0.1166666666666667
lanes-1_density-0.300_av-0.000_policy-reactive_seed-4,1,0.3,0.0,reactive,4,200,400,4,100,0,20,0.95,1.6550505050505049,1.2,0.48333333333333334,True,72,0.033333333333333326,-0.1166666666666667
lanes-1_density-0.300_av-0.000_policy-reactive_seed-5,1,0.3,0.0,reactive,5,200,400,4,100,0,20,0.9,1.6111111111111112,1.2333333333333334,0.5,True,20,-0.08333333333333337,0.1333333333333333
lanes-1_density-0.300_av-0.000_policy-reactive_seed-5,1,0.3,0.0,reactive,5,200,400,4,100,0,20,0.95,1.6111111111111112,1.2333333333333334,0.5,True,20,-0.08333333333333337,0.1333333333333333
lanes-1_density-0.300_av-0.000_policy-reactive_seed-1,1,0.3,0.0,reactive,1,200,400,8,100,0,20,0.9,1.4757575757575756,0.9666666666666667,0.5666666666666667,True,20,0.016666666666666607,-0.18333333333333324
lanes-1_density-0.300_av-0.000_policy-reactive_seed-1,1,0.3,0.0,reactive,1,200,400,8,100,0,20,0.95,1.4757575757575756,0.9666666666666667,0.5666666666666667,True,20,0.016666666666666607,-0.18333333333333324
lanes-1_density-0.300_av-0.000_policy-reactive_seed-2,1,0.3,0.0,reactive,2,200,400,8,100,0,20,0.9,1.583838383838384,1.1333333333333333,0.4666666666666667,True,20,0.016666666666666663,-0.1333333333333333
lanes-1_density-0.300_av-0.000_policy-reactive_seed-2,1,0.3,0.0,reactive,2,200,400,8,100,0,20,0.95,1.583838383838384,1.1333333333333333,0.4666666666666667,True,20,0.016666666666666663,-0.1333333333333333
lanes-1_density-0.300_av-0.000_policy-reactive_seed-3,1,0.3,0.0,reactive,3,200,400,8,100,0,20,0.9,1.6409090909090909,1.1833333333333333,0.45,True,20,0.016666666666666663,-0.10000000000000009
lanes-1_density-0.300_av-0.000_policy-reactive_seed-3,1,0.3,0.0,reactive,3,200,400,8,100,0,20,0.95,1.6409090909090909,1.1833333333333333,0.45,True,44,0.016666666666666663,-0.10000000000000009
lanes-1_density-0.300_av-0.000_policy-reactive_seed-4,1,0.3,0.0,reactive,4,200,400,8,100,0,20,0.9,1.6550505050505049,1.2666666666666666,0.4666666666666667,True,20,0.016666666666666663,-0.050000000000000044
lanes-1_density-0.300_av-0.000_policy-reactive_seed-4,1,0.3,0.0,reactive,4,200,400,8,100,0,20,0.95,1.6550505050505049,1.2666666666666666,0.4666666666666667,True,21,0.016666666666666663,-0.050000000000000044
lanes-1_density-0.300_av-0.000_policy-reactive_seed-5,1,0.3,0.0,reactive,5,200,400,8,100,0,20,0.9,1.6111111111111112,1.1166666666666667,0.55,True,21,-0.033333333333333326,0.016666666666666607
lanes-1_density-0.300_av-0.000_policy-reactive_seed-5,1,0.3,0.0,reactive,5,200,400,8,100,0,20,0.95,1.6111111111111112,1.1166666666666667,0.55,True,53,-0.033333333333333326,0.016666666666666607
lanes-1_density-0.300_av-0.000_policy-reactive_seed-1,1,0.3,0.0,reactive,1,200,400,12,100,0,20,0.9,1.4757575757575756,0.9166666666666666,0.5666666666666667,True,20,0.016666666666666607,-0.23333333333333328
lanes-1_density-0.300_av-0.000_policy-reactive_seed-1,1,0.3,0.0,reactive,1,200,400,12,100,0,20,0.95,1.4757575757575756,0.9166666666666666,0.5666666666666667,True,20,0.016666666666666607,-0.23333333333333328
lanes-1_density-0.300_av-0.000_policy-reactive_seed-2,1,0.3,0.0,reactive,2,200,400,12,100,0,20,0.9,1.583838383838384,1.2166666666666666,0.48333333333333334,True,20,0.033333333333333326,-0.050000000000000044
lanes-1_density-0.300_av-0.000_policy-reactive_seed-2,1,0.3,0.0,reactive,2,200,400,12,100,0,20,0.95,1.583838383838384,1.2166666666666666,0.48333333333333334,True,20,0.033333333333333326,-0.050000000000000044
lanes-1_density-0.300_av-0.000_policy-reactive_seed-3,1,0.3,0.0,reactive,3,200,400,12,100,0,20,0.9,1.6409090909090909,1.1,0.5,True,23,0.06666666666666665,-0.18333333333333335
lanes-1_density-0.300_av-0.000_policy-reactive_seed-3,1,0.3,0.0,reactive,3,200,400,12,100,0,20,0.95,1.6409090909090909,1.1,0.5,True,27,0.06666666666666665,-0.18333333333333335
lanes-1_density-0.300_av-0.000_policy-reactive_seed-4,1,0.3,0.0,reactive,4,200,400,12,100,0,20,0.9,1.6550505050505049,1.1833333333333333,0.5,True,20,0.04999999999999999,-0.1333333333333333
lanes-1_density-0.300_av-0.000_policy-reactive_seed-4,1,0.3,0.0,reactive,4,200,400,12,100,0,20,0.95,1.6550505050505049,1.1833333333333333,0.5,True,22,0.04999999999999999,-0.1333333333333333
lanes-1_density-0.300_av-0.000_policy-reactive_seed-5,1,0.3,0.0,reactive,5,200,400,12,100,0,20,0.9,1.6111111111111112,1.1,0.5166666666666667,True,27,-0.06666666666666665,0.0
lanes-1_density-0.300_av-0.000_policy-reactive_seed-5,1,0.3,0.0,reactive,5,200,400,12,100,0,20,0.95,1.6111111111111112,1.1,0.5166666666666667,True,35,-0.06666666666666665,0.0
lanes-1_density-0.300_av-0.000_policy-reactive_seed-1,1,0.3,0.0,reactive,1,400,400,4,100,0,20,0.9,1.511111111111111,1.25,0.5,True,20,0.0,0.0
lanes-1_density-0.300_av-0.000_policy-reactive_seed-1,1,0.3,0.0,reactive,1,400,400,4,100,0,20,0.95,1.511111111111111,1.25,0.5,True,20,0.0,0.0
lanes-1_density-0.300_av-0.000_policy-reactive_seed-2,1,0.3,0.0,reactive,2,400,400,4,100,0,20,0.9,1.575084175084175,1.1833333333333333,0.48333333333333334,True,20,0.016666666666666663,-0.033333333333333215
lanes-1_density-0.300_av-0.000_policy-reactive_seed-2,1,0.3,0.0,reactive,2,400,400,4,100,0,20,0.95,1.575084175084175,1.1833333333333333,0.48333333333333334,True,20,0.016666666666666663,-0.033333333333333215
lanes-1_density-0.300_av-0.000_policy-reactive_seed-3,1,0.3,0.0,reactive,3,400,400,4,100,0,20,0.9,1.5732323232323233,1.2,0.43333333333333335,True,28,-0.04999999999999999,0.06666666666666665
lanes-1_density-0.300_av-0.000_policy-reactive_seed-3,1,0.3,0.0,reactive,3,400,400,4,100,0,20,0.95,1.5732323232323233,1.2,0.43333333333333335,True,32,-0.04999999999999999,0.06666666666666665
lanes-1_density-0.300_av-0.000_policy-reactive_seed-4,1,0.3,0.0,reactive,4,400,400,4,100,0,20,0.9,1.547979797979798,1.3166666666666667,0.48333333333333334,True,20,0.033333333333333326,0.16666666666666674
lanes-1_density-0.300_av-0.000_policy-reactive_seed-4,1,0.3,0.0,reactive,4,400,400,4,100,0,20,0.95,1.547979797979798,1.3166666666666667,0.48333333333333334,True,20,0.033333333333333326,0.16666666666666674
lanes-1_density-0.300_av-0.000_policy-reactive_seed-5,1,0.3,0.0,reactive,5,400,400,4,100,0,20,0.9,1.6095959595959595,1.2,0.5,True,20,-0.08333333333333337,0.09999999999999987
lanes-1_density-0.300_av-0.000_policy-reactive_seed-5,1,0.3,0.0,reactive,5,400,400,4,100,0,20,0.95,1.6095959595959595,1.2,0.5,True,20,-0.08333333333333337,0.09999999999999987
lanes-1_density-0.300_av-0.000_policy-reactive_seed-1,1,0.3,0.0,reactive,1,400,400,8,100,0,20,0.9,1.511111111111111,1.2166666666666666,0.5166666666666667,True,20,0.01666666666666672,-0.03333333333333344
lanes-1_density-0.300_av-0.000_policy-reactive_seed-1,1,0.3,0.0,reactive,1,400,400,8,100,0,20,0.95,1.511111111111111,1.2166666666666666,0.5166666666666667,True,20,0.01666666666666672,-0.03333333333333344
lanes-1_density-0.300_av-0.000_policy-reactive_seed-2,1,0.3,0.0,reactive,2,400,400,8,100,0,20,0.9,1.575084175084175,1.0333333333333334,0.5,True,20,0.033333333333333326,-0.18333333333333313
lanes-1_density-0.300_av-0.000_policy-reactive_seed-2,1,0.3,0.0,reactive,2,400,400,8,100,0,20,0.95,1.575084175084175,1.0333333333333334,0.5,True,20,0.033333333333333326,-0.18333333333333313
lanes-1_density-0.300_av-0.000_policy-reactive_seed-3,1,0.3,0.0,reactive,3,400,400,8,100,0,20,0.9,1.5732323232323233,1.1,0.48333333333333334,True,24,0.0,-0.033333333333333215
lanes-1_density-0.300_av-0.000_policy-reactive_seed-3,1,0.3,0.0,reactive,3,400,400,8,100,0,20,0.95,1.5732323232323233,1.1,0.48333333333333334,True,28,0.0,-0.033333333333333215
lanes-1_density-0.300_av-0.000_policy-reactive_seed-4,1,0.3,0.0,reactive,4,400,400,8,100,0,20,0.9,1.547979797979798,1.0833333333333333,0.5,True,20,0.04999999999999999,-0.06666666666666665
lanes-1_density-0.300_av-0.000_policy-reactive_seed-4,1,0.3,0.0,reactive,4,400,400,8,100,0,20,0.95,1.547979797979798,1.0833333333333333,0.5,True,20,0.04999999999999999,-0.06666666666666665
lanes-1_density-0.300_av-0.000_policy-reactive_seed-5,1,0.3,0.0,reactive,5,400,400,8,100,0,20,0.9,1.6095959595959595,1.15,0.5,True,20,-0.08333333333333337,0.04999999999999982
lanes-1_density-0.300_av-0.000_policy-reactive_seed-5,1,0.3,0.0,reactive,5,400,400,8,100,0,20,0.95,1.6095959595959595,1.15,0.5,True,20,-0.08333333333333337,0.04999999999999982
lanes-1_density-0.300_av-0.000_policy-reactive_seed-1,1,0.3,0.0,reactive,1,400,400,12,100,0,20,0.9,1.511111111111111,1.3333333333333333,0.5166666666666667,True,20,0.01666666666666672,0.08333333333333326
lanes-1_density-0.300_av-0.000_policy-reactive_seed-1,1,0.3,0.0,reactive,1,400,400,12,100,0,20,0.95,1.511111111111111,1.3333333333333333,0.5166666666666667,True,20,0.01666666666666672,0.08333333333333326
lanes-1_density-0.300_av-0.000_policy-reactive_seed-2,1,0.3,0.0,reactive,2,400,400,12,100,0,20,0.9,1.575084175084175,1.2166666666666666,0.43333333333333335,True,20,-0.033333333333333326,0.0
lanes-1_density-0.300_av-0.000_policy-reactive_seed-2,1,0.3,0.0,reactive,2,400,400,12,100,0,20,0.95,1.575084175084175,1.2166666666666666,0.43333333333333335,True,20,-0.033333333333333326,0.0
lanes-1_density-0.300_av-0.000_policy-reactive_seed-3,1,0.3,0.0,reactive,3,400,400,12,100,0,20,0.9,1.5732323232323233,1.0833333333333333,0.55,True,24,0.06666666666666671,-0.050000000000000044
lanes-1_density-0.300_av-0.000_policy-reactive_seed-3,1,0.3,0.0,reactive,3,400,400,12,100,0,20,0.95,1.5732323232323233,1.0833333333333333,0.55,True,27,0.06666666666666671,-0.050000000000000044
lanes-1_density-0.300_av-0.000_policy-reactive_seed-4,1,0.3,0.0,reactive,4,400,400,12,100,0,20,0.9,1.547979797979798,1.1,0.5333333333333333,True,20,0.08333333333333331,-0.04999999999999982
lanes-1_density-0.300_av-0.000_policy-reactive_seed-4,1,0.3,0.0,reactive,4,400,400,12,100,0,20,0.95,1.547979797979798,1.1,0.5333333333333333,True,20,0.08333333333333331,-0.04999999999999982
lanes-1_density-0.300_av-0.000_policy-reactive_seed-5,1,0.3,0.0,reactive,5,400,400,12,100,0,20,0.9,1.6095959595959595,1.2,0.5333333333333333,True,20,-0.050000000000000044,0.09999999999999987
lanes-1_density-0.300_av-0.000_policy-reactive_seed-5,1,0.3,0.0,reactive,5,400,400,12,100,0,20,0.95,1.6095959595959595,1.2,0.5333333333333333,True,22,-0.050000000000000044,0.09999999999999987
lanes-1_density-0.300_av-0.500_policy-anticipatory_seed-1,1,0.3,0.5,anticipatory,1,200,400,4,100,0,20,0.9,1.8957912457912458,1.55,0.45,True,20,-0.033333333333333326,0.0
lanes-1_density-0.300_av-0.500_policy-anticipatory_seed-1,1,0.3,0.5,anticipatory,1,200,400,4,100,0,20,0.95,1.8957912457912458,1.55,0.45,True,20,-0.033333333333333326,0.0
lanes-1_density-0.300_av-0.500_policy-anticipatory_seed-2,1,0.3,0.5,anticipatory,2,200,400,4,100,0,20,0.9,1.861952861952862,1.45,0.5333333333333333,True,20,0.08333333333333331,-0.050000000000000044
lanes-1_density-0.300_av-0.500_policy-anticipatory_seed-2,1,0.3,0.5,anticipatory,2,200,400,4,100,0,20,0.95,1.861952861952862,1.45,0.5333333333333333,True,21,0.08333333333333331,-0.050000000000000044
lanes-1_density-0.300_av-0.500_policy-anticipatory_seed-3,1,0.3,0.5,anticipatory,3,200,400,4,100,0,20,0.9,1.9005050505050505,1.4166666666666667,0.43333333333333335,True,20,0.04999999999999999,-0.18333333333333335
lanes-1_density-0.300_av-0.500_policy-anticipatory_seed-3,1,0.3,0.5,anticipatory,3,200,400,4,100,0,20,0.95,1.9005050505050505,1.4166666666666667,0.43333333333333335,True,20,0.04999999999999999,-0.18333333333333335
lanes-1_density-0.300_av-0.500_policy-anticipatory_seed-4,1,0.3,0.5,anticipatory,4,200,400,4,100,0,20,0.9,1.8335016835016837,1.5833333333333333,0.4166666666666667,True,20,-0.033333333333333326,0.033333333333333215
lanes-1_density-0.300_av-0.500_policy-anticipatory_seed-4,1,0.3,0.5,anticipatory,4,200,400,4,100,0,20,0.95,1.8335016835016837,1.5833333333333333,0.4166666666666667,True,20,-0.033333333333333326,0.033333333333333215
lanes-1_density-0.300_av-0.500_policy-anticipatory_seed-5,1,0.3,0.5,anticipatory,5,200,400,4,100,0,20,0.9,1.9084175084175083,1.35,0.5666666666666667,True,26,0.033333333333333326,-0.11666666666666647
lanes-1_density-0.300_av-0.500_policy-anticipatory_seed-5,1,0.3,0.5,anticipatory,5,200,400,4,100,0,20,0.95,1.9084175084175083,1.35,0.5666666666666667,True,31,0.033333333333333326,-0.11666666666666647
lanes-1_density-0.300_av-0.500_policy-anticipatory_seed-1,1,0.3,0.5,anticipatory,1,200,400,8,100,0,20,0.9,1.8957912457912458,1.4333333333333333,0.43333333333333335,True,20,-0.04999999999999999,-0.1166666666666667
lanes-1_density-0.300_av-0.500_policy-anticipatory_seed-1,1,0.3,0.5,anticipatory,1,200,400,8,100,0,20,0.95,1.8957912457912458,1.4333333333333333,0.43333333333333335,True,29,-0.04999999999999999,-0.1166666666666667
lanes-1_density-0.300_av-0.500_policy-anticipatory_seed-2,1,0.3,0.5,anticipatory,2,200,400,8,100,0,20,0.9,1.861952861952862,1.3666666666666667,0.5166666666666667,True,20,0.06666666666666671,-0.1333333333333333
lanes-1_density-0.300_av-0.500_policy-anticipatory_seed-2,1,0.3,0.5,anticipatory,2,200,400,8,100,0,20,0.95,1.861952861952862,1.3666666666666667,0.5166666666666667,True,20,0.06666666666666671,-0.1333333333333333
lanes-1_density-0.300_av-0.500_policy-anticipatory_seed-3,1,0.3,0.5,anticipatory,3,200,400,8,100,0,20,0.9,1.9005050505050505,1.5333333333333334,0.38333333333333336,True,20,0.0,-0.06666666666666665
lanes-1_density-0.300_av-0.500_policy-anticipatory_seed-3,1,0.3,0.5,anticipatory,3,200,400,8,100,0,20,0.95,1.9005050505050505,1.5333333333333334,0.38333333333333336,True,20,0.0,-0.06666666666666665
lanes-1_density-0.300_av-0.500_policy-anticipatory_seed-4,1,0.3,0.5,anticipatory,4,200,400,8,100,0,20,0.9,1.8335016835016837,1.6,0.45,True,20,0.0,0.050000000000000044
lanes-1_density-0.300_av-0.500_policy-anticipatory_seed-4,1,0.3,0.5,anticipatory,4,200,400,8,100,0,20,0.95,1.8335016835016837,1.6,0.45,True,20,0.0,0.050000000000000044
lanes-1_density-0.300_av-0.500_policy-anticipatory_seed-5,1,0.3,0.5,anticipatory,5,200,400,8,100,0,20,0.9,1.9084175084175083,1.55,0.5333333333333333,True,20,0.0,0.08333333333333348
lanes-1_density-0.300_av-0.500_policy-anticipatory_seed-5,1,0.3,0.5,anticipatory,5,200,400,8,100,0,20,0.95,1.9084175084175083,1.55,0.5333333333333333,True,24,0.0,0.08333333333333348
lanes-1_density-0.300_av-0.500_policy-anticipatory_seed-1,1,0.3,0.5,anticipatory,1,200,400,12,100,0,20,0.9,1.8957912457912458,1.4666666666666666,0.4666666666666667,True,40,-0.016666666666666663,-0.08333333333333348
lanes-1_density-0.300_av-0.500_policy-anticipatory_seed-1,1,0.3,0.5,anticipatory,1,200,400,12,100,0,20,0.95,1.8957912457912458,1.4666666666666666,0.4666666666666667,True,48,-0.016666666666666663,-0.08333333333333348
lanes-1_density-0.300_av-0.500_policy-anticipatory_seed-2,1,0.3,0.5,anticipatory,2,200,400,12,100,0,20,0.9,1.861952861952862,1.4333333333333333,0.5166666666666667,True,20,0.06666666666666671,-0.06666666666666665
lanes-1_density-0.300_av-0.500_policy-anticipatory_seed-2,1,0.3,0.5,anticipatory,2,200,400,12,100,0,20,0.95,1.861952861952862,1.4333333333333333,0.5166666666666667,True,24,0.06666666666666671,-0.06666666666666665
lanes-1_density-0.300_av-0.500_policy-anticipatory_seed-3,1,0.3,0.5,anticipatory,3,200,400,12,100,0,20,0.9,1.9005050505050505,1.4666666666666666,0.45,True,20,0.06666666666666665,-0.13333333333333353
lanes-1_density-0.300_av-0.500_policy-anticipatory_seed-3,1,0.3,0.5,anticipatory,3,200,400,12,100,0,20,0.95,1.9005050505050505,1.4666666666666666,0.45,True,26,0.06666666666666665,-0.13333333333333353
lanes-1_density-0.300_av-0.500_policy-anticipatory_seed-4,1,0.3,0.5,anticipatory,4,200,400,12,100,0,20,0.9,1.8335016835016837,1.4333333333333333,0.45,True,20,0.0,-0.1166666666666667
lanes-1_density-0.300_av-0.500_policy-anticipatory_seed-4,1,0.3,0.5,anticipatory,4,200,400,12,100,0,20,0.95,1.8335016835016837,1.4333333333333333,0.45,True,20,0.0,-0.1166666666666667
lanes-1_density-0.300_av-0.500_policy-anticipatory_seed-5,1,0.3,0.5,anticipatory,5,200,400,12,100,0,20,0.9,1.9084175084175083,1.4,0.5166666666666667,True,24,-0.016666666666666607,-0.06666666666666665
lanes-1_density-0.300_av-0.500_policy-anticipatory_seed-5,1,0.3,0.5,anticipatory,5,200,400,12,100,0,20,0.95,1.9084175084175083,1.4,0.5166666666666667,True,34,-0.016666666666666607,-0.06666666666666665
lanes-1_density-0.300_av-0.500_policy-anticipatory_seed-1,1,0.3,0.5,anticipatory,1,400,400,4,100,0,20,0.9,1.8434343434343434,1.35,0.5166666666666667,True,20,0.03333333333333338,-0.16666666666666652
lanes-1_density-0.300_av-0.500_policy-anticipatory_seed-1,1,0.3,0.5,anticipatory,1,400,400,4,100,0,20,0.95,1.8434343434343434,1.35,0.5166666666666667,True,20,0.03333333333333338,-0.16666666666666652
lanes-1_density-0.300_av-0.500_policy-anticipatory_seed-2,1,0.3,0.5,anticipatory,2,400,400,4,100,0,20,0.9,1.8959595959595958,1.5333333333333334,0.45,True,20,0.06666666666666665,0.03333333333333344
lanes-1_density-0.300_av-0.500_policy-anticipatory_seed-2,1,0.3,0.5,anticipatory,2,400,400,4,100,0,20,0.95,1.8959595959595958,1.5333333333333334,0.45,True,20,0.06666666666666665,0.03333333333333344
lanes-1_density-0.300_av-0.500_policy-anticipatory_seed-3,1,0.3,0.5,anticipatory,3,400,400,4,100,0,20,0.9,1.8779461279461278,1.4666666666666666,0.36666666666666664,True,20,-0.050000000000000044,-0.15000000000000013
lanes-1_density-0.300_av-0.500_policy-anticipatory_seed-3,1,0.3,0.5,anticipatory,3,400,400,4,100,0,20,0.95,1.8779461279461278,1.4666666666666666,0.36666666666666664,True,20,-0.050000000000000044,-0.15000000000000013
lanes-1_density-0.300_av-0.500_policy-anticipatory_seed-4,1,0.3,0.5,anticipatory,4,400,400,4,100,0,20,0.9,1.8691919191919193,1.4666666666666666,0.48333333333333334,True,20,0.033333333333333326,-0.1166666666666667
lanes-1_density-0.300_av-0.500_policy-anticipatory_seed-4,1,0.3,0.5,anticipatory,4,400,400,4,100,0,20,0.95,1.8691919191919193,1.4666666666666666,0.48333333333333334,True,25,0.033333333333333326,-0.1166666666666667
lanes-1_density-0.300_av-0.500_policy-anticipatory_seed-5,1,0.3,0.5,anticipatory,5,400,400,4,100,0,20,0.9,1.8856902356902356,1.4166666666666667,0.45,True,29,-0.06666666666666671,0.0
lanes-1_density-0.300_av-0.500_policy-anticipatory_seed-5,1,0.3,0.5,anticipatory,5,400,400,4,100,0,20,0.95,1.8856902356902356,1.4166666666666667,0.45,True,35,-0.06666666666666671,0.0
lanes-1_density-0.300_av-0.500_policy-anticipatory_seed-1,1,0.3,0.5,anticipatory,1,400,400,8,100,0,20,0.9,1.8434343434343434,1.4666666666666666,0.45,True,20,-0.033333333333333326,-0.050000000000000044
lanes-1_density-0.300_av-0.500_policy-anticipatory_seed-1,1,0.3,0.5,anticipatory,1,400,400,8,100,0,20,0.95,1.8434343434343434,1.4666666666666666,0.45,True,20,-0.033333333333333326,-0.050000000000000044
lanes-1_density-0.300_av-0.500_policy-anticipatory_seed-2,1,0.3,0.5,anticipatory,2,400,400,8,100,0,20,0.9,1.8959595959595958,1.5166666666666666,0.4666666666666667,True,20,0.08333333333333331,0.016666666666666607
lanes-1_density-0.300_av-0.500_policy-anticipatory_seed-2,1,0.3,0.5,anticipatory,2,400,400,8,100,0,20,0.95,1.8959595959595958,1.5166666666666666,0.4666666666666667,True,20,0.08333333333333331,0.016666666666666607
lanes-1_density-0.300_av-0.500_policy-anticipatory_seed-3,1,0.3,0.5,anticipatory,3,400,400,8,100,0,20,0.9,1.8779461279461278,1.4666666666666666,0.4,True,20,-0.016666666666666663,-0.15000000000000013
lanes-1_density-0.300_av-0.500_policy-anticipatory_seed-3,1,0.3,0.5,anticipatory,3,400,400,8,100,0,20,0.95,1.8779461279461278,1.4666666666666666,0.4,True,20,-0.016666666666666663,-0.15000000000000013
lanes-1_density-0.300_av-0.500_policy-anticipatory_seed-4,1,0.3,0.5,anticipatory,4,400,400,8,100,0,20,0.9,1.8691919191919193,1.2833333333333334,0.5,True,25,0.04999999999999999,-0.2999999999999998
lanes-1_density-0.300_av-0.500_policy-anticipatory_seed-4,1,0.3,0.5,anticipatory,4,400,400,8,100,0,20,0.95,1.8691919191919193,1.2833333333333334,0.5,True,32,0.04999999999999999,-0.2999999999999998
lanes-1_density-0.300_av-0.500_policy-anticipatory_seed-5,1,0.3,0.5,anticipatory,5,400,400,8,100,0,20,0.9,1.8856902356902356,1.2833333333333334,0.4666666666666667,True,28,-0.050000000000000044,-0.1333333333333333
lanes-1_density-0.300_av-0.500_policy-anticipatory_seed-5,1,0.3,0.5,anticipatory,5,400,400,8,100,0,20,0.95,1.8856902356902356,1.2833333333333334,0.4666666666666667,True,35,-0.050000000000000044,-0.1333333333333333
lanes-1_density-0.300_av-0.500_policy-anticipatory_seed-1,1,0.3,0.5,anticipatory,1,400,400,12,100,0,20,0.9,1.8434343434343434,1.55,0.48333333333333334,True,20,0.0,0.03333333333333344
lanes-1_density-0.300_av-0.500_policy-anticipatory_seed-1,1,0.3,0.5,anticipatory,1,400,400,12,100,0,20,0.95,1.8434343434343434,1.55,0.48333333333333334,True,20,0.0,0.03333333333333344
lanes-1_density-0.300_av-0.500_policy-anticipatory_seed-2,1,0.3,0.5,anticipatory,2,400,400,12,100,0,20,0.9,1.8959595959595958,1.5166666666666666,0.4666666666666667,True,20,0.08333333333333331,0.016666666666666607
lanes-1_density-0.300_av-0.500_policy-anticipatory_seed-2,1,0.3,0.5,anticipatory,2,400,400,12,100,0,20,0.95,1.8959595959595958,1.5166666666666666,0.4666666666666667,True,20,0.08333333333333331,0.016666666666666607
lanes-1_density-0.300_av-0.500_policy-anticipatory_seed-3,1,0.3,0.5,anticipatory,3,400,400,12,100,0,20,0.9,1.8779461279461278,1.3833333333333333,0.45,True,20,0.033333333333333326,-0.2333333333333334
lanes-1_density-0.300_av-0.500_policy-anticipatory_seed-3,1,0.3,0.5,anticipatory,3,400,400,12,100,0,20,0.95,1.8779461279461278,1.3833333333333333,0.45,True,20,0.033333333333333326,-0.2333333333333334
lanes-1_density-0.300_av-0.500_policy-anticipatory_seed-4,1,0.3,0.5,anticipatory,4,400,400,12,100,0,20,0.9,1.8691919191919193,1.2333333333333334,0.5166666666666667,True,28,0.06666666666666671,-0.34999999999999987
lanes-1_density-0.300_av-0.500_policy-anticipatory_seed-4,1,0.3,0.5,anticipatory,4,400,400,12,100,0,20,0.95,1.8691919191919193,1.2333333333333334,0.5166666666666667,True,34,0.06666666666666671,-0.34999999999999987
lanes-1_density-0.300_av-0.500_policy-anticipatory_seed-5,1,0.3,0.5,anticipatory,5,400,400,12,100,0,20,0.9,1.8856902356902356,1.0833333333333333,0.5166666666666667,True,27,0.0,-0.3333333333333335
lanes-1_density-0.300_av-0.500_policy-anticipatory_seed-5,1,0.3,0.5,anticipatory,5,400,400,12,100,0,20,0.95,1.8856902356902356,1.0833333333333333,0.5166666666666667,True,73,0.0,-0.3333333333333335
lanes-2_density-0.300_av-0.500_policy-anticipatory_seed-1,2,0.3,0.5,anticipatory,1,200,400,4,100,0,20,0.9,1.8497474747474747,1.4916666666666667,0.4083333333333333,True,20,0.0,-0.050000000000000044
lanes-2_density-0.300_av-0.500_policy-anticipatory_seed-1,2,0.3,0.5,anticipatory,1,200,400,4,100,0,20,0.95,1.8497474747474747,1.4916666666666667,0.4083333333333333,True,20,0.0,-0.050000000000000044
lanes-2_density-0.300_av-0.500_policy-anticipatory_seed-2,2,0.3,0.5,anticipatory,2,200,400,4,100,0,20,0.9,1.8484006734006735,1.5583333333333333,0.48333333333333334,True,20,0.08333333333333331,-0.05833333333333335
lanes-2_density-0.300_av-0.500_policy-anticipatory_seed-2,2,0.3,0.5,anticipatory,2,200,400,4,100,0,20,0.95,1.8484006734006735,1.5583333333333333,0.48333333333333334,True,20,0.08333333333333331,-0.05833333333333335
lanes-2_density-0.300_av-0.500_policy-anticipatory_seed-3,2,0.3,0.5,anticipatory,3,200,400,4,100,0,20,0.9,1.8670875420875421,1.5333333333333334,0.375,True,20,-0.04999999999999999,-0.04166666666666652
lanes-2_density-0.300_av-0.500_policy-anticipatory_seed-3,2,0.3,0.5,anticipatory,3,200,400,4,100,0,20,0.95,1.8670875420875421,1.5333333333333334,0.375,True,20,-0.04999999999999999,-0.04166666666666652
lanes-2_density-0.300_av-0.500_policy-anticipatory_seed-4,2,0.3,0.5,anticipatory,4,200,400,4,100,0,20,0.9,1.8461279461279463,1.5916666666666666,0.4083333333333333,True,20,0.0,-0.04166666666666674
lanes-2_density-0.300_av-0.500_policy-anticipatory_seed-4,2,0.3,0.5,anticipatory,4,200,400,4,100,0,20,0.95,1.8461279461279463,1.5916666666666666,0.4083333333333333,True,20,0.0,-0.04166666666666674
lanes-2_density-0.300_av-0.500_policy-anticipatory_seed-5,2,0.3,0.5,anticipatory,5,200,400,4,100,0,20,0.9,1.8461279461279463,1.6,0.425,True,20,0.07500000000000001,-0.09166666666666656
lanes-2_density-0.300_av-0.500_policy-anticipatory_seed-5,2,0.3,0.5,anticipatory,5,200,400,4,100,0,20,0.95,1.8461279461279463,1.6,0.425,True,20,0.07500000000000001,-0.09166666666666656
lanes-2_density-0.300_av-0.500_policy-anticipatory_seed-1,2,0.3,0.5,anticipatory,1,200,400,8,100,0,20,0.9,1.8497474747474747,1.5666666666666667,0.39166666666666666,True,20,-0.016666666666666663,0.02499999999999991
lanes-2_density-0.300_av-0.500_policy-anticipatory_seed-1,2,0.3,0.5,anticipatory,1,200,400,8,100,0,20,0.95,1.8497474747474747,1.5666666666666667,0.39166666666666666,True,20,-0.016666666666666663,0.02499999999999991
lanes-2_density-0.300_av-0.500_policy-anticipatory_seed-2,2,0.3,0.5,anticipatory,2,200,400,8,100,0,20,0.9,1.8484006734006735,1.6166666666666667,0.36666666666666664,True,20,-0.03333333333333338,0.0
lanes-2_density-0.300_av-0.500_policy-anticipatory_seed-2,2,0.3,0.5,anticipatory,2,200,400,8,100,0,20,0.95,1.8484006734006735,1.6166666666666667,0.36666666666666664,True,20,-0.03333333333333338,0.0
lanes-2_density-0.300_av-0.500_policy-anticipatory_seed-3,2,0.3,0.5,anticipatory,3,200,400,8,100,0,20,0.9,1.8670875420875421,1.6416666666666666,0.35,True,20,-0.07500000000000001,0.06666666666666665
lanes-2_density-0.300_av-0.500_policy-anticipatory_seed-3,2,0.3,0.5,anticipatory,3,200,400,8,100,0,20,0.95,1.8670875420875421,1.6416666666666666,0.35,True,20,-0.07500000000000001,0.06666666666666665
lanes-2_density-0.300_av-0.500_policy-anticipatory_seed-4,2,0.3,0.5,anticipatory,4,200,400,8,100,0,20,0.9,1.8461279461279463,1.5666666666666667,0.36666666666666664,True,20,-0.041666666666666685,-0.06666666666666665
lanes-2_density-0.300_av-0.500_policy-anticipatory_seed-4,2,0.3,0.5,anticipatory,4,200,400,8,100,0,20,0.95,1.8461279461279463,1.5666666666666667,0.36666666666666664,True,20,-0.041666666666666685,-0.06666666666666665
lanes-2_density-0.300_av-0.500_policy-anticipatory_seed-5,2,0.3,0.5,anticipatory,5,200,400,8,100,0,20,0.9,1.8461279461279463,1.6166666666666667,0.35833333333333334,True,20,0.00833333333333336,-0.07499999999999996
lanes-2_density-0.300_av-0.500_policy-anticipatory_seed-5,2,0.3,0.5,anticipatory,5,200,400,8,100,0,20,0.95,1.8461279461279463,1.6166666666666667,0.35833333333333334,True,20,0.00833333333333336,-0.07499999999999996
lanes-2_density-0.300_av-0.500_policy-anticipatory_seed-1,2,0.3,0.5,anticipatory,1,200,400,12,100,0,20,0.9,1.8497474747474747,1.5583333333333333,0.45,True,20,0.041666666666666685,0.016666666666666607
lanes-2_density-0.300_av-0.500_policy-anticipatory_seed-1,2,0.3,0.5,anticipatory,1,200,400,12,100,0,20,0.95,1.8497474747474747,1.5583333333333333,0.45,True,20,0.041666666666666685,0.016666666666666607
lanes-2_density-0.300_av-0.500_policy-anticipatory_seed-2,2,0.3,0.5,anticipatory,2,200,400,12,100,0,20,0.9,1.8484006734006735,1.5916666666666666,0.38333333333333336,True,20,-0.016666666666666663,-0.025000000000000133
lanes-2_density-0.300_av-0.500_policy-anticipatory_seed-2,2,0.3,0.5,anticipatory,2,200,400,12,100,0,20,0.95,1.8484006734006735,1.5916666666666666,0.38333333333333336,True,20,-0.016666666666666663,-0.025000000000000133
lanes-2_density-0.300_av-0.500_policy-anticipatory_seed-3,2,0.3,0.5,anticipatory,3,200,400,12,100,0,20,0.9,1.8670875420875421,1.5833333333333333,0.4083333333333333,True,20,-0.016666666666666663,0.008333333333333304
lanes-2_density-0.300_av-0.500_policy-anticipatory_seed-3,2,0.3,0.5,anticipatory,3,200,400,12,100,0,20,0.95,1.8670875420875421,1.5833333333333333,0.4083333333333333,True,20,-0.016666666666666663,0.008333333333333304
lanes-2_density-0.300_av-0.500_policy-anticipatory_seed-4,2,0.3,0.5,anticipatory,4,200,400,12,100,0,20,0.9,1.8461279461279463,1.5583333333333333,0.4,True,20,-0.008333333333333304,-0.07499999999999996
lanes-2_density-0.300_av-0.500_policy-anticipatory_seed-4,2,0.3,0.5,anticipatory,4,200,400,12,100,0,20,0.95,1.8461279461279463,1.5583333333333333,0.4,True,20,-0.008333333333333304,-0.07499999999999996
lanes-2_density-0.300_av-0.500_policy-anticipatory_seed-5,2,0.3,0.5,anticipatory,5,200,400,12,100,0,20,0.9,1.8461279461279463,1.5,0.45,True,20,0.10000000000000003,-0.19166666666666665
lanes-2_density-0.300_av-0.500_policy-anticipatory_seed-5,2,0.3,0.5,anticipatory,5,200,400,12,100,0,20,0.95,1.8461279461279463,1.5,0.45,True,20,0.10000000000000003,-0.19166666666666665
lanes-2_density-0.300_av-0.500_policy-anticipatory_seed-1,2,0.3,0.5,anticipatory,1,400,400,4,100,0,20,0.9,1.9005050505050505,1.5083333333333333,0.4083333333333333,True,20,0.0,-0.10000000000000009
lanes-2_density-0.300_av-0.500_policy-anticipatory_seed-1,2,0.3,0.5,anticipatory,1,400,400,4,100,0,20,0.95,1.9005050505050505,1.5083333333333333,0.4083333333333333,True,20,0.0,-0.10000000000000009
lanes-2_density-0.300_av-0.500_policy-anticipatory_seed-2,2,0.3,0.5,anticipatory,2,400,400,4,100,0,20,0.9,1.8664141414141415,1.6166666666666667,0.425,True,20,0.0,0.008333333333333304
lanes-2_density-0.300_av-0.500_policy-anticipatory_seed-2,2,0.3,0.5,anticipatory,2,400,400,4,100,0,20,0.95,1.8664141414141415,1.6166666666666667,0.425,True,20,0.0,0.008333333333333304
lanes-2_density-0.300_av-0.500_policy-anticipatory_seed-3,2,0.3,0.5,anticipatory,3,400,400,4,100,0,20,0.9,1.8647306397306396,1.675,0.43333333333333335,True,20,0.00833333333333336,0.10000000000000009
lanes-2_density-0.300_av-0.500_policy-anticipatory_seed-3,2,0.3,0.5,anticipatory,3,400,400,4,100,0,20,0.95,1.8647306397306396,1.675,0.43333333333333335,True,20,0.00833333333333336,0.10000000000000009
lanes-2_density-0.300_av-0.500_policy-anticipatory_seed-4,2,0.3,0.5,anticipatory,4,400,400,4,100,0,20,0.9,1.9233164983164983,1.6083333333333334,0.43333333333333335,True,20,0.0,0.0
lanes-2_density-0.300_av-0.500_policy-anticipatory_seed-4,2,0.3,0.5,anticipatory,4,400,400,4,100,0,20,0.95,1.9233164983164983,1.6083333333333334,0.43333333333333335,True,20,0.0,0.0
lanes-2_density-0.300_av-0.500_policy-anticipatory_seed-5,2,0.3,0.5,anticipatory,5,400,400,4,100,0,20,0.9,1.9306397306397305,1.6166666666666667,0.4166666666666667,True,20,0.050000000000000044,-0.07499999999999996
lanes-2_density-0.300_av-0.500_policy-anticipatory_seed-5,2,0.3,0.5,anticipatory,5,400,400,4,100,0,20,0.95,1.9306397306397305,1.6166666666666667,0.4166666666666667,True,20,0.050000000000000044,-0.07499999999999996
lanes-2_density-0.300_av-0.500_policy-anticipatory_seed-1,2,0.3,0.5,anticipatory,1,400,400,8,100,0,20,0.9,1.9005050505050505,1.6083333333333334,0.4166666666666667,True,20,0.00833333333333336,0.0
lanes-2_density-0.300_av-0.500_policy-anticipatory_seed-1,2,0.3,0.5,anticipatory,1,400,400,8,100,0,20,0.95,1.9005050505050505,1.6083333333333334,0.4166666666666667,True,20,0.00833333333333336,0.0
lanes-2_density-0.300_av-0.500_policy-anticipatory_seed-2,2,0.3,0.5,anticipatory,2,400,400,8,100,0,20,0.9,1.8664141414141415,1.4833333333333334,0.45,True,20,0.025000000000000022,-0.125
lanes-2_density-0.300_av-0.500_policy-anticipatory_seed-2,2,0.3,0.5,anticipatory,2,400,400,8,100,0,20,0.95,1.8664141414141415,1.4833333333333334,0.45,True,25,0.025000000000000022,-0.125
lanes-2_density-0.300_av-0.500_policy-anticipatory_seed-3,2,0.3,0.5,anticipatory,3,400,400,8,100,0,20,0.9,1.8647306397306396,1.625,0.375,True,20,-0.04999999999999999,0.050000000000000044
lanes-2_density-0.300_av-0.500_policy-anticipatory_seed-3,2,0.3,0.5,anticipatory,3,400,400,8,100,0,20,0.95,1.8647306397306396,1.625,0.375,True,20,-0.04999999999999999,0.050000000000000044
lanes-2_density-0.300_av-0.500_policy-anticipatory_seed-4,2,0.3,0.5,anticipatory,4,400,400,8,100,0,20,0.9,1.9233164983164983,1.6083333333333334,0.4166666666666667,True,20,-0.016666666666666663,0.0
lanes-2_density-0.300_av-0.500_policy-anticipatory_seed-4,2,0.3,0.5,anticipatory,4,400,400,8,100,0,20,0.95,1.9233164983164983,1.6083333333333334,0.4166666666666667,True,20,-0.016666666666666663,0.0
lanes-2_density-0.300_av-0.500_policy-anticipatory_seed-5,2,0.3,0.5,anticipatory,5,400,400,8,100,0,20,0.9,1.9306397306397305,1.6833333333333333,0.44166666666666665,True,20,0.07500000000000001,-0.008333333333333304
lanes-2_density-0.300_av-0.500_policy-anticipatory_seed-5,2,0.3,0.5,anticipatory,5,400,400,8,100,0,20,0.95,1.9306397306397305,1.6833333333333333,0.44166666666666665,True,20,0.07500000000000001,-0.008333333333333304
lanes-2_density-0.300_av-0.500_policy-anticipatory_seed-1,2,0.3,0.5,anticipatory,1,400,400,12,100,0,20,0.9,1.9005050505050505,1.5833333333333333,0.475,True,20,0.06666666666666665,-0.025000000000000133
lanes-2_density-0.300_av-0.500_policy-anticipatory_seed-1,2,0.3,0.5,anticipatory,1,400,400,12,100,0,20,0.95,1.9005050505050505,1.5833333333333333,0.475,True,47,0.06666666666666665,-0.025000000000000133
lanes-2_density-0.300_av-0.500_policy-anticipatory_seed-2,2,0.3,0.5,anticipatory,2,400,400,12,100,0,20,0.9,1.8664141414141415,1.4083333333333334,0.375,True,20,-0.04999999999999999,-0.19999999999999996
lanes-2_density-0.300_av-0.500_policy-anticipatory_seed-2,2,0.3,0.5,anticipatory,2,400,400,12,100,0,20,0.95,1.8664141414141415,1.4083333333333334,0.375,True,25,-0.04999999999999999,-0.19999999999999996
lanes-2_density-0.300_av-0.500_policy-anticipatory_seed-3,2,0.3,0.5,anticipatory,3,400,400,12,100,0,20,0.9,1.8647306397306396,1.6333333333333333,0.36666666666666664,True,20,-0.05833333333333335,0.05833333333333335
lanes-2_density-0.300_av-0.500_policy-anticipatory_seed-3,2,0.3,0.5,anticipatory,3,400,400,12,100,0,20,0.95,1.8647306397306396,1.6333333333333333,0.36666666666666664,True,20,-0.05833333333333335,0.05833333333333335
lanes-2_density-0.300_av-0.500_policy-anticipatory_seed-4,2,0.3,0.5,anticipatory,4,400,400,12,100,0,20,0.9,1.9233164983164983,1.5666666666666667,0.4,True,20,-0.033333333333333326,-0.04166666666666674
lanes-2_density-0.300_av-0.500_policy-anticipatory_seed-4,2,0.3,0.5,anticipatory,4,400,400,12,100,0,20,0.95,1.9233164983164983,1.5666666666666667,0.4,True,20,-0.033333333333333326,-0.04166666666666674
lanes-2_density-0.300_av-0.500_policy-anticipatory_seed-5,2,0.3,0.5,anticipatory,5,400,400,12,100,0,20,0.9,1.9306397306397305,1.6666666666666667,0.36666666666666664,True,20,0.0,-0.02499999999999991
lanes-2_density-0.300_av-0.500_policy-anticipatory_seed-5,2,0.3,0.5,anticipatory,5,400,400,12,100,0,20,0.95,1.9306397306397305,1.6666666666666667,0.36666666666666664,True,20,0.0,-0.02499999999999991
