lanes,density,requested_av_share,av_policy,warmup,braking_duration,recovery_window,recovery_fraction,num_runs,recovered_runs,recovery_rate,recovery_time_mean,recovery_time_median,recovery_time_ci95_low,recovery_time_ci95_high,maximum_stopped_delta_mean,maximum_stopped_delta_ci95_low,maximum_stopped_delta_ci95_high
1,0.3,0.0,reactive,200,4,20,0.9,5,5,1.0,24.4,20,15.251826884016678,33.54817311598332,-0.006666666666666677,-0.0792330978406836,0.06589976450735023
1,0.3,0.0,reactive,200,4,20,0.95,5,5,1.0,32.2,21,4.268418264623829,60.13158173537617,-0.006666666666666677,-0.0792330978406836,0.06589976450735023
1,0.3,0.0,reactive,200,8,20,0.9,5,5,1.0,20.2,20,19.6448,20.7552,0.006666666666666654,-0.021093333333333332,0.03442666666666664
1,0.3,0.0,reactive,200,8,20,0.95,5,5,1.0,31.6,21,12.037569165361894,51.16243083463811,0.006666666666666654,-0.021093333333333332,0.03442666666666664
1,0.3,0.0,reactive,200,12,20,0.9,5,5,1.0,22.0,20,18.173548066419755,25.826451933580245,0.019999999999999983,-0.04444200976243853,0.08444200976243849
1,0.3,0.0,reactive,200,12,20,0.95,5,5,1.0,24.8,22,16.87988177866012,32.72011822133988,0.019999999999999983,-0.04444200976243853,0.08444200976243849
1,0.3,0.0,reactive,400,4,20,0.9,5,5,1.0,21.6,20,17.1584,26.041600000000003,-0.016666666666666673,-0.0769910195894752,0.043657686256141845
1,0.3,0.0,reactive,400,4,20,0.95,5,5,1.0,22.4,20,15.7376,29.062399999999997,-0.016666666666666673,-0.0769910195894752,0.043657686256141845
1,0.3,0.0,reactive,400,8,20,0.9,5,5,1.0,20.8,20,18.5792,23.0208,0.0033333333333333327,-0.0611086764291052,0.06777534309577186
1,0.3,0.0,reactive,400,8,20,0.95,5,5,1.0,21.6,20,17.1584,26.041600000000003,0.0033333333333333327,-0.0611086764291052,0.06777534309577186
1,0.3,0.0,reactive,400,12,20,0.9,5,5,1.0,20.8,20,18.5792,23.0208,0.016666666666666673,-0.056487356538561836,0.08982068987189519
1,0.3,0.0,reactive,400,12,20,0.95,5,5,1.0,21.8,20,18.034450393368854,25.565549606631148,0.016666666666666673,-0.056487356538561836,0.08982068987189519
1,0.3,0.5,anticipatory,200,4,20,0.9,5,5,1.0,21.2,20,17.8688,24.5312,0.019999999999999997,-0.04444200976243851,0.08444200976243851
1,0.3,0.5,anticipatory,200,4,20,0.95,5,5,1.0,22.4,20,16.4074395989694,28.392560401030597,0.019999999999999997,-0.04444200976243851,0.08444200976243851
1,0.3,0.5,anticipatory,200,8,20,0.9,5,5,1.0,20.0,20,20.0,20.0,0.0033333333333333435,-0.048187046237387135,0.05485371290405382
1,0.3,0.5,anticipatory,200,8,20,0.95,5,5,1.0,22.6,20,17.665274459506385,27.534725540493618,0.0033333333333333435,-0.048187046237387135,0.05485371290405382
1,0.3,0.5,anticipatory,200,12,20,0.9,5,5,1.0,24.8,20,14.034272572649819,35.56572742735018,0.020000000000000018,-0.03355753873690941,0.07355753873690946
1,0.3,0.5,anticipatory,200,12,20,0.95,5,5,1.0,30.4,26,16.642686215688762,44.157313784311235,0.020000000000000018,-0.03355753873690941,0.07355753873690946
1,0.3,0.5,anticipatory,400,4,20,0.9,5,5,1.0,21.8,20,16.8032,26.7968,0.0033333333333333214,-0.06893751033438959,0.07560417700105625
1,0.3,0.5,anticipatory,400,4,20,0.95,5,5,1.0,24.0,20,15.906638769954725,32.093361230045275,0.0033333333333333214,-0.06893751033438959,0.07560417700105625
1,0.3,0.5,anticipatory,400,8,20,0.9,5,5,1.0,22.6,20,17.988162431307885,27.21183756869212,0.006666666666666654,-0.06440953532027752,0.07774286865361082
1,0.3,0.5,anticipatory,400,8,20,0.95,5,5,1.0,25.4,20,16.126331677270315,34.67366832272968,0.006666666666666654,-0.06440953532027752,0.07774286865361082
1,0.3,0.5,anticipatory,400,12,20,0.9,5,5,1.0,23.0,20,17.88130891731099,28.11869108268901,0.03666666666666667,-0.01051626056577857,0.0838495938991119
1,0.3,0.5,anticipatory,400,12,20,0.95,5,5,1.0,33.4,20,4.905742624872641,61.89425737512735,0.03666666666666667,-0.01051626056577857,0.0838495938991119
2,0.3,0.5,anticipatory,200,4,20,0.9,5,5,1.0,20.0,20,20.0,20.0,0.021666666666666667,-0.04834750459728372,0.09168083793061706
2,0.3,0.5,anticipatory,200,4,20,0.95,5,5,1.0,20.0,20,20.0,20.0,0.021666666666666667,-0.04834750459728372,0.09168083793061706
2,0.3,0.5,anticipatory,200,8,20,0.9,5,5,1.0,20.0,20,20.0,20.0,-0.031666666666666676,-0.06995914692643107,0.006625813593097718
2,0.3,0.5,anticipatory,200,8,20,0.95,5,5,1.0,20.0,20,20.0,20.0,-0.031666666666666676,-0.06995914692643107,0.006625813593097718
2,0.3,0.5,anticipatory,200,12,20,0.9,5,5,1.0,20.0,20,20.0,20.0,0.020000000000000018,-0.04318407464613917,0.08318407464613921
2,0.3,0.5,anticipatory,200,12,20,0.95,5,5,1.0,20.0,20,20.0,20.0,0.020000000000000018,-0.04318407464613917,0.08318407464613921
2,0.3,0.5,anticipatory,400,4,20,0.9,5,5,1.0,20.0,20,20.0,20.0,0.011666666666666681,-0.01531120410015093,0.03864453743348429
2,0.3,0.5,anticipatory,400,4,20,0.95,5,5,1.0,20.0,20,20.0,20.0,0.011666666666666681,-0.01531120410015093,0.03864453743348429
2,0.3,0.5,anticipatory,400,8,20,0.9,5,5,1.0,20.0,20,20.0,20.0,0.008333333333333349,-0.04973087250813149,0.0663975391747982
2,0.3,0.5,anticipatory,400,8,20,0.95,5,5,1.0,21.0,20,18.224,23.776,0.008333333333333349,-0.04973087250813149,0.0663975391747982
2,0.3,0.5,anticipatory,400,12,20,0.9,5,5,1.0,20.0,20,20.0,20.0,-0.015000000000000003,-0.07809932065138789,0.04809932065138789
2,0.3,0.5,anticipatory,400,12,20,0.95,5,5,1.0,26.4,20,11.85312428870034,40.946875711299654,-0.015000000000000003,-0.07809932065138789,0.04809932065138789
