density,num_vehicles,requested_av_share,realised_av_share,num_runs,recovered_runs,mean_speed_mean,mean_speed_seed_sd,stopped_fraction_mean,stopped_fraction_seed_sd,within_run_speed_std_mean,traffic_flow_mean,pre_disturbance_mean_speed_mean,minimum_mean_speed_after_braking_mean,maximum_stopped_fraction_after_braking_mean,recovery_time_mean,recovery_time_seed_sd
0.2,40,0.0,0.0,10,10,2.64474375,0.029187484386148554,0.21469375,0.023249877725186233,1.9579965584569454,0.5289487500000001,2.6655050505050504,1.95,0.4,44.5,28.752777643598577
0.2,40,0.25,0.25,10,10,2.8363625,0.05654168816015322,0.186725,0.02157895306259731,1.9558414245486702,0.5672725,2.8231565656565656,2.02,0.375,36.4,11.423173328322077
0.2,40,0.5,0.5,10,10,3.13956875,0.06108035925285909,0.13815625,0.011764922926153545,1.867475723337138,0.62791375,3.1650757575757575,2.18,0.32999999999999996,33.4,11.682845924212511
0.2,40,0.75,0.75,10,10,3.4801,0.05067313555195357,0.1081,0.02022175671014871,1.7849221375942446,0.6960200000000001,3.5156060606060606,2.565,0.29,41.8,23.738388974635814
0.2,40,1.0,1.0,10,10,3.9414000000000002,0.016430255585690386,0.11915625,0.0053674244094972295,1.7630136441908124,0.7882800000000001,4.0,3.06,0.20750000000000002,41.0,2.1081851067789197
0.3,60,0.0,0.0,10,10,1.5821416666666666,0.02057407386571992,0.3443083333333333,0.026800828598762517,1.6511269178912027,0.47464249999999997,1.5971212121212122,1.1383333333333332,0.5,28.9,12.059574342958102
0.3,60,0.25,0.25,10,10,1.7038375,0.02120456699075538,0.344075,0.014444508546866316,1.747835271897424,0.51115125,1.7139057239057238,1.3033333333333332,0.49000000000000005,26.5,16.25662258212873
0.3,60,0.5,0.5,10,10,1.8755125,0.028206340197104853,0.30239166666666667,0.02757330437574596,1.7725249355425519,0.56265375,1.882272727272727,1.42,0.445,24.0,6.815016100086957
0.3,60,0.75,0.75,10,10,2.0732041666666667,0.014435927644056906,0.2628625,0.02729140903186284,1.8137380123623834,0.62196125,2.083164983164983,1.6300000000000001,0.39333333333333337,25.4,7.011102306738617
0.3,60,1.0,1.0,10,10,2.321883333333333,0.006512713113500771,0.161225,0.04227859997010425,1.6237649402799157,0.6965649999999999,2.3333333333333335,1.9516666666666667,0.2,23.0,3.5901098714230026
