human_slow_prob,av_share,num_runs,mean_speed_mean,mean_speed_sd,stopped_fraction_mean,stopped_fraction_sd,speed_var_mean,speed_var_sd
0.0,0.0,10,4.0,0.0,0.01,0.017480147469502525,1.2646715212202868,0.21240930983563394
0.0,0.5,10,4.0,0.0,0.01,0.017480147469502525,1.2646715212202868,0.21240930983563394
0.0,1.0,10,4.0,0.0,0.01,0.017480147469502525,1.2646715212202868,0.21240930983563394
0.1,0.0,10,3.233959375,0.02975326797673052,0.12010625,0.015106624799975082,1.8407904275279887,0.041298459900920265
0.1,0.5,10,3.57589375,0.04147975838770973,0.08563125,0.006827166297431007,1.7279593385667862,0.02001803771211286
0.1,1.0,10,4.0,0.0,0.01,0.017480147469502525,1.2646715212202868,0.21240930983563394
0.2,0.0,10,2.6582375,0.03188189331780311,0.19881875,0.015579125713149341,1.9285108913866806,0.03412519087980251
0.2,0.5,10,3.1707593750000003,0.02430122404360242,0.137215625,0.012538339207678406,1.8762379874188793,0.040399131934393415
0.2,1.0,10,4.0,0.0,0.01,0.017480147469502525,1.2646715212202868,0.21240930983563394
0.3,0.0,10,2.2041343749999998,0.028786684212219176,0.290609375,0.024566966877193838,1.947297814457448,0.055891242441267745
0.3,0.5,10,2.793634375,0.047297753485858365,0.19253125,0.019344510059560685,1.933419085216077,0.0455658864144204
0.3,1.0,10,4.0,0.0,0.01,0.017480147469502525,1.2646715212202868,0.21240930983563394
0.4,0.0,10,1.8201562500000001,0.04209964617824397,0.361275,0.017062969315889884,1.8501902435357391,0.04100672199096519
0.4,0.5,10,2.449178125,0.04320217794571791,0.2553625,0.019098936034211145,1.9465288385848205,0.04456994774492017
0.4,1.0,10,4.0,0.0,0.01,0.017480147469502525,1.2646715212202868,0.21240930983563394
