lanes,density,requested_av_share,av_policy,num_runs,maximum_stopped_effect_vs_matched_control_n,maximum_stopped_effect_vs_matched_control_mean,maximum_stopped_effect_vs_matched_control_ci95_low,maximum_stopped_effect_vs_matched_control_ci95_high,maximum_stopped_fraction_after_braking_effect_vs_one_lane_n,maximum_stopped_fraction_after_braking_effect_vs_one_lane_mean,maximum_stopped_fraction_after_braking_effect_vs_one_lane_ci95_low,maximum_stopped_fraction_after_braking_effect_vs_one_lane_ci95_high,maximum_stopped_fraction_after_braking_effect_vs_reactive_n,maximum_stopped_fraction_after_braking_effect_vs_reactive_mean,maximum_stopped_fraction_after_braking_effect_vs_reactive_ci95_low,maximum_stopped_fraction_after_braking_effect_vs_reactive_ci95_high,maximum_stopped_fraction_after_braking_effect_vs_zero_av_n,maximum_stopped_fraction_after_braking_effect_vs_zero_av_mean,maximum_stopped_fraction_after_braking_effect_vs_zero_av_ci95_low,maximum_stopped_fraction_after_braking_effect_vs_zero_av_ci95_high,recovery_time_steps_effect_vs_one_lane_n,recovery_time_steps_effect_vs_one_lane_mean,recovery_time_steps_effect_vs_one_lane_ci95_low,recovery_time_steps_effect_vs_one_lane_ci95_high,recovery_time_steps_effect_vs_reactive_n,recovery_time_steps_effect_vs_reactive_mean,recovery_time_steps_effect_vs_reactive_ci95_low,recovery_time_steps_effect_vs_reactive_ci95_high,recovery_time_steps_effect_vs_zero_av_n,recovery_time_steps_effect_vs_zero_av_mean,recovery_time_steps_effect_vs_zero_av_ci95_low,recovery_time_steps_effect_vs_zero_av_ci95_high
1,0.2,0.0,reactive,10,10,0.05500000000000001,0.014747414989841966,0.09525258501015804,10,0.0,0.0,0.0,10,0.0,0.0,0.0,10,0.0,0.0,0.0,10,0.0,0.0,0.0,10,0.0,0.0,0.0,10,0.0,0.0,0.0
1,0.2,0.25,anticipatory,10,10,0.05250000000000001,0.010816345829570091,0.09418365417042993,10,0.0,0.0,0.0,10,5.551115123125783e-18,-0.05057985765104523,0.050579857651045244,10,-0.025,-0.0711728816514629,0.021172881651462895,10,0.0,0.0,0.0,10,4.2,-15.651260679362405,24.051260679362404,10,-3.9,-29.222391499224553,21.422391499224556
1,0.2,0.25,reactive,10,10,0.04750000000000001,0.017755201715257855,0.07724479828474216,10,0.0,0.0,0.0,10,0.0,0.0,0.0,10,-0.025000000000000005,-0.06960724156457111,0.0196072415645711,10,0.0,0.0,0.0,10,0.0,0.0,0.0,10,-8.1,-32.016067035363484,15.816067035363487
1,0.2,0.5,anticipatory,10,10,0.062499999999999986,0.02851767922875189,0.09648232077124808,10,0.0,0.0,0.0,10,-0.01750000000000001,-0.06881217910983707,0.033812179109837054,10,-0.08750000000000001,-0.13069077592495879,-0.04430922407504123,10,0.0,0.0,0.0,10,2.2,-15.52397249377238,19.92397249377238,10,-8.9,-34.50593325071359,16.705933250713592
1,0.2,0.5,reactive,10,10,0.05,-0.007174880848148685,0.10717488084814869,10,0.0,0.0,0.0,10,0.0,0.0,0.0,10,-0.07,-0.10455262073996702,-0.03544737926003299,10,0.0,0.0,0.0,10,0.0,0.0,0.0,10,-11.1,-30.530537574652946,8.330537574652945
1,0.2,0.75,anticipatory,10,10,0.09000000000000001,0.04768185495558674,0.13231814504441328,10,0.0,0.0,0.0,10,-0.01499999999999999,-0.04321209669627551,0.013212096696275525,10,-0.125,-0.16174541467992978,-0.08825458532007022,10,0.0,0.0,0.0,10,-3.0,-23.671154433170873,17.671154433170873,10,-5.7,-27.99099973442196,16.59099973442196
1,0.2,0.75,reactive,10,10,0.12,0.0815533928675104,0.1584466071324896,10,0.0,0.0,0.0,10,0.0,0.0,0.0,10,-0.11000000000000001,-0.15929914705144504,-0.06070085294855499,10,0.0,0.0,0.0,10,0.0,0.0,0.0,10,-2.7,-32.97486053411312,27.574860534113117
1,0.2,1.0,anticipatory,10,10,0.18,0.16356695098285165,0.19643304901714834,10,0.0,0.0,0.0,10,0.07999999999999999,0.044433891132146595,0.11556610886785337,10,-0.1125,-0.1639504871211148,-0.06104951287888521,10,0.0,0.0,0.0,10,-5.6,-11.142797546365912,-0.05720245363408605,10,-9.1,-32.50669101005095,14.30669101005095
1,0.2,1.0,reactive,10,10,0.1975,0.19184500000000002,0.203155,10,0.0,0.0,0.0,10,0.0,0.0,0.0,10,-0.1925,-0.2262725513546134,-0.1587274486453866,10,0.0,0.0,0.0,10,0.0,0.0,0.0,10,-3.5,-23.54349848205148,16.54349848205148
1,0.3,0.0,reactive,10,10,0.0016666666666666663,-0.01367290489043869,0.01700623822377202,10,0.0,0.0,0.0,10,0.0,0.0,0.0,10,0.0,0.0,0.0,10,0.0,0.0,0.0,10,0.0,0.0,0.0,10,0.0,0.0,0.0
1,0.3,0.25,anticipatory,10,10,0.036666666666666674,-0.0017799404658229365,0.07511327379915628,10,0.0,0.0,0.0,10,0.013333333333333336,-0.012906637025728515,0.03957330369239519,10,0.0033333333333333327,-0.008979435107056786,0.015646101773723452,10,0.0,0.0,0.0,10,0.1,-2.4334848805548455,2.6334848805548456,10,-2.3,-12.325932074375928,7.725932074375927
1,0.3,0.25,reactive,10,10,0.03333333333333334,-0.0022105675343104467,0.06887723420097713,10,0.0,0.0,0.0,10,0.0,0.0,0.0,10,-0.010000000000000004,-0.03262,0.012619999999999998,10,0.0,0.0,0.0,10,0.0,0.0,0.0,10,-2.4,-11.33545673370981,6.535456733709809
1,0.3,0.5,anticipatory,10,10,0.0066666666666666706,-0.02472485660528261,0.03805818993861595,10,0.0,0.0,0.0,10,0.0033333333333333383,-0.039761356208032034,0.046428022874698716,10,-0.05166666666666667,-0.08828292307462479,-0.015050410258708562,10,0.0,0.0,0.0,10,-0.4,-7.246054267970711,6.446054267970711,10,-5.3,-13.903863571675227,3.303863571675227
1,0.3,0.5,reactive,10,10,0.0033333333333333327,-0.028853037833495777,0.035519704500162445,10,0.0,0.0,0.0,10,0.0,0.0,0.0,10,-0.05500000000000001,-0.07887666666666668,-0.031123333333333333,10,0.0,0.0,0.0,10,0.0,0.0,0.0,10,-4.9,-15.322942120150143,5.522942120150143
1,0.3,0.75,anticipatory,10,10,0.03000000000000001,0.00036823701198698475,0.05963176298801304,10,0.0,0.0,0.0,10,0.0016666666666666718,-0.023747843842970226,0.027081177176303567,10,-0.10500000000000002,-0.12751503423640898,-0.08248496576359107,10,0.0,0.0,0.0,10,-1.7,-10.817166465519865,7.417166465519865,10,-5.2,-17.352272057520764,6.952272057520765
1,0.3,0.75,reactive,10,10,0.020000000000000007,-0.014552620739967045,0.054552620739967056,10,0.0,0.0,0.0,10,0.0,0.0,0.0,10,-0.10666666666666669,-0.136510846445422,-0.07682248688791139,10,0.0,0.0,0.0,10,0.0,0.0,0.0,10,-3.5,-11.884330826011102,4.884330826011102
1,0.3,1.0,anticipatory,10,10,0.08666666666666667,0.06103559524500694,0.1122977380883264,10,0.0,0.0,0.0,10,0.2833333333333333,0.24399344404918705,0.3226732226174796,10,-0.01666666666666668,-0.06755778791804237,0.034224454584709005,10,0.0,0.0,0.0,10,1.7,-0.6855492365491014,4.0855492365491015,10,-4.2,-12.985313435501318,4.585313435501319
1,0.3,1.0,reactive,10,10,0.12333333333333334,0.11051779762250347,0.1361488690441632,10,0.0,0.0,0.0,10,0.0,0.0,0.0,10,-0.3,-0.3456569673397902,-0.2543430326602098,10,0.0,0.0,0.0,10,0.0,0.0,0.0,10,-5.9,-14.162752957701205,2.362752957701204
2,0.2,0.0,reactive,10,10,-0.008749999999999999,-0.05356585022344215,0.03606585022344215,10,-0.12875,-0.1768175,-0.08068250000000002,10,0.0,0.0,0.0,10,0.0,0.0,0.0,10,-18.8,-38.40921930521458,0.8092193052145724,10,0.0,0.0,0.0,10,0.0,0.0,0.0
2,0.2,0.25,anticipatory,10,10,0.025,-0.013400369464368435,0.06340036946436844,10,-0.11125,-0.1511145190771192,-0.07138548092288081,10,0.018749999999999996,-0.023029442088783332,0.060529442088783324,10,-0.007500000000000009,-0.047308772274462334,0.03230877227446232,10,-7.9,-26.757387752284245,10.957387752284246,10,5.6,-11.277477792608705,22.477477792608703,10,7.0,-4.632145459888299,18.6321454598883
2,0.2,0.25,reactive,10,10,0.0025000000000000022,-0.04874288511588706,0.05374288511588706,10,-0.13,-0.1779101591523134,-0.0820898408476866,10,0.0,0.0,0.0,10,-0.026250000000000006,-0.08811850273968169,0.03561850273968167,10,-9.3,-19.926051136711138,1.3260511367111345,10,0.0,0.0,0.0,10,1.4,-9.248231357366349,12.04823135736635
2,0.2,0.5,anticipatory,10,10,-0.0012500000000000067,-0.026345998311483855,0.02384599831148384,10,-0.06499999999999999,-0.09562762478547755,-0.034372375214522424,10,0.045,0.021082031336252652,0.06891796866374734,10,-0.023750000000000007,-0.055136806643078566,0.007636806643078552,10,-3.9,-24.561388608706817,16.76138860870682,10,7.6,-1.5987999999999989,16.7988,10,6.0,-8.39725437713733,20.39725437713733
2,0.2,0.5,reactive,10,10,0.006250000000000003,-0.018417585638850025,0.03091758563885003,10,-0.1275,-0.16699513609294186,-0.08800486390705814,10,0.0,0.0,0.0,10,-0.06875,-0.10173750000000001,-0.0357625,10,-9.3,-18.6328632455426,0.032863245542602115,10,0.0,0.0,0.0,10,-1.6,-9.651929249564976,6.4519292495649765
2,0.2,0.75,anticipatory,10,10,0.018749999999999996,-0.004432434756729071,0.04193243475672906,10,-0.07375000000000001,-0.11271300015720043,-0.03478699984279959,10,0.031249999999999993,0.0035302433948275723,0.05896975660517241,10,-0.07,-0.10187824258016744,-0.03812175741983258,10,-6.4,-18.84077151305336,6.040771513053359,10,-7.4,-30.53244474412508,15.732444744125077,10,6.7,-2.278933898854585,15.678933898854584
2,0.2,0.75,reactive,10,10,0.016250000000000004,-0.01075554445387094,0.04325554445387095,10,-0.12,-0.1570343738977723,-0.08296562610222769,10,0.0,0.0,0.0,10,-0.10124999999999999,-0.13786221287016123,-0.06463778712983875,10,-2.0,-26.564667357812926,22.564667357812926,10,0.0,0.0,0.0,10,14.1,-3.6677024299710705,31.867702429971068
2,0.2,1.0,anticipatory,10,10,0.09625,0.0877675,0.1047325,10,-0.15,-0.18722576728557788,-0.11277423271442212,10,0.029999999999999992,0.014686187607261208,0.045313812392738774,10,-0.13375,-0.1680056937785531,-0.09949430622144692,10,-8.8,-15.38876936612597,-2.211230633874032,10,1.9,-1.6916052177264693,5.49160521772647,10,0.9,-4.218877068264093,6.018877068264094
2,0.2,1.0,reactive,10,10,0.1,0.1,0.1,10,-0.1,-0.109425,-0.09057500000000002,10,0.0,0.0,0.0,10,-0.16375,-0.1933900890897784,-0.13410991091022162,10,-16.3,-20.24753385799286,-12.35246614200714,10,0.0,0.0,0.0,10,-1.0,-6.632334578130102,4.632334578130102
2,0.3,0.0,reactive,10,10,-0.008333333333333326,-0.030280073157026695,0.013613406490360044,10,-0.10750000000000001,-0.14617696633656782,-0.0688230336634322,10,0.0,0.0,0.0,10,0.0,0.0,0.0,10,-6.5,-16.56102747238074,3.56102747238074,10,0.0,0.0,0.0,10,0.0,0.0,0.0
2,0.3,0.25,anticipatory,10,10,-0.0016666666666666607,-0.01824323848756296,0.01490990515422964,10,-0.10250000000000001,-0.13925078642393626,-0.06574921357606375,10,0.03500000000000002,0.01727253511888656,0.052727464881113476,10,0.008333333333333342,-0.010516666666666653,0.027183333333333337,10,-4.0,-17.83338301356541,9.833383013565408,10,-0.8,-7.371489584561479,5.771489584561479,10,0.2,-5.67733206140337,6.077332061403371
2,0.3,0.25,reactive,10,10,-0.004166666666666674,-0.02721031516492127,0.018876981831587918,10,-0.12416666666666669,-0.15422832926761632,-0.09410500406571706,10,0.0,0.0,0.0,10,-0.02666666666666668,-0.04765713831453586,-0.005676195018797497,10,-3.1,-15.329917188599438,9.129917188599439,10,0.0,0.0,0.0,10,1.0,-3.0743916355696594,5.074391635569659
2,0.3,0.5,anticipatory,10,10,-0.019166666666666665,-0.04568352445981823,0.0073501911264848944,10,-0.06333333333333335,-0.1094377599706483,-0.017228906696018412,10,0.042499999999999996,0.012307292041141962,0.07269270795885803,10,-0.007500000000000012,-0.03649198361424912,0.021491983614249102,10,-3.4,-8.549328717415504,1.7493287174155037,10,-0.6,-2.513437493099788,1.3134374930997876,10,-2.2,-5.651969779705494,1.2519697797054943
2,0.3,0.5,reactive,10,10,0.009166666666666667,-0.017409679384746125,0.03574301271807946,10,-0.10250000000000001,-0.13503407824454572,-0.0699659217554543,10,0.0,0.0,0.0,10,-0.05,-0.07605879463401517,-0.023941205365984836,10,-3.2,-8.738693289937618,2.338693289937617,10,0.0,0.0,0.0,10,-1.6,-5.677181359714085,2.4771813597140855
2,0.3,0.75,anticipatory,10,10,-0.016666666666666663,-0.0671684086608241,0.03383507532749077,10,-0.0016666666666666718,-0.04841736909751553,0.04508403576418219,10,0.09416666666666666,0.06115075429937861,0.12718257903395472,10,0.0008333333333333304,-0.03293921802128007,0.03460588468794673,10,1.6,-9.379441362838092,12.579441362838091,10,4.8,-2.768597767090017,12.368597767090016,10,2.9,-4.953553389390054,10.753553389390053
2,0.3,0.75,reactive,10,10,0.009999999999999998,-0.008383448473498586,0.028383448473498583,10,-0.09416666666666666,-0.12694254740743904,-0.06139078592589429,10,0.0,0.0,0.0,10,-0.09333333333333334,-0.11779802239964093,-0.06886864426702574,10,-4.9,-10.247024372489806,0.4470243724898051,10,0.0,0.0,0.0,10,-1.9,-5.523124955062963,1.7231249550629628
2,0.3,1.0,anticipatory,10,10,0.05166666666666667,0.04049716901557342,0.06283616431775993,10,-0.20583333333333337,-0.26068578969988493,-0.1509808769667818,10,0.16583333333333333,0.13795203728303387,0.1937146293836328,10,-0.11499999999999999,-0.1437664148308791,-0.08623358516912089,10,-4.6,-8.746314488796044,-0.4536855112039557,10,0.1,-0.12619999999999998,0.3262,10,-2.3,-5.46410599696028,0.8641059969602796
2,0.3,1.0,reactive,10,10,0.06416666666666666,0.06128728160500274,0.06704605172833059,10,-0.08833333333333333,-0.12051970450016244,-0.056146962166504215,10,0.0,0.0,0.0,10,-0.2808333333333333,-0.3009105252712292,-0.26075614139543746,10,-3.0,-5.568031463981701,-0.431968536018299,10,0.0,0.0,0.0,10,-2.4,-5.741504786768979,0.941504786768979
